date,stock_id,Open,High,Low,Close,Adj_Close,Volume
2026-08-28,AAPL,317.09,322.37,315.45,319.7,319.7,38500185
2026-08-27,AAPL,310.55,315.4,309.4,314.58,314.58,32248789
2026-08-26,AAPL,310.3,315.43,308.8,313.45,313.45,34024500
2026-08-25,AAPL,310.93,313.58,308.21,309.9,309.9,25666176
2026-08-24,AAPL,311.47,313.36,309.97,310.34,310.34,34673600
2026-08-21,AAPL,312.05,312.38,307.01,309.35,309.35,42216056
2026-08-20,AAPL,317.46,320.28,310.65,311.3,311.3,40959200
2026-08-19,AAPL,310.14,319.28,309.6,316.83,316.83,50505600
2026-08-18,AAPL,307.58,311.49,305.74,310.03,310.03,53424500
2026-08-17,AAPL,306.21,307.66,302.94,305.59,305.59,38169300
2026-08-14,AAPL,306.0,307.49,304.3,305.93,305.93,28229400
2026-08-13,AAPL,304.21,306.0,302.05,305.26,305.26,40349300
2026-08-12,AAPL,305.1,305.66,300.57,302.25,302.25,41657800
2026-08-11,AAPL,307.75,309.97,302.79,304.91,304.91,37476700
2026-08-10,AAPL,306.83,308.26,304.61,308.26,308.26,44812500
2026-08-07,AAPL,311.45,314.81,310.74,313.33,313.06,34437200
2026-08-06,AAPL,314.34,316.29,309.23,312.41,312.14,46139900
2026-08-05,AAPL,309.36,311.71,305.67,311.0,310.73,49438800
2026-08-04,AAPL,302.73,310.42,301.32,309.38,309.11,68001000
2026-08-03,AAPL,309.58,311.8,302.56,303.42,303.16,75052000
2026-07-31,AAPL,304.81,310.69,300.0,308.91,308.64,132489100
2026-07-30,AAPL,333.1,334.75,329.59,333.43,333.14,74817800
2026-07-29,AAPL,339.73,344.57,337.35,338.19,337.9,56090800
2026-07-28,AAPL,340.03,342.89,335.6,340.08,339.79,51859000
2026-07-27,AAPL,334.54,339.57,334.02,336.91,336.62,49604300
2026-07-24,AAPL,321.79,334.37,321.62,333.02,332.73,47489400
2026-07-23,AAPL,321.73,323.3,319.35,321.66,321.38,40840800
2026-07-22,AAPL,327.87,329.0,323.34,325.89,325.61,38755900
2026-07-21,AAPL,323.13,329.6,322.22,327.74,327.46,41338900
2026-07-20,AAPL,333.51,333.71,323.68,326.59,326.31,53468000
2026-07-17,AAPL,331.98,334.99,329.0,333.74,333.45,63407100
2026-07-16,AAPL,328.01,334.68,326.79,333.26,332.97,62970600
2026-07-15,AAPL,317.62,328.73,317.32,327.5,327.22,60957600
2026-07-14,AAPL,313.76,316.19,311.91,314.86,314.59,36336800
2026-07-13,AAPL,317.02,323.45,315.78,317.31,317.04,43257800
2026-07-10,AAPL,314.72,316.91,312.17,315.32,315.05,34132300
2026-07-09,AAPL,310.51,316.53,308.16,316.22,315.95,48124500
2026-07-08,AAPL,311.91,314.82,307.05,313.39,313.12,41323500
2026-07-07,AAPL,315.29,315.48,310.15,310.66,310.39,42490000
2026-07-06,AAPL,307.36,314.2,307.0,312.66,312.39,53590000
2026-07-02,AAPL,294.12,309.42,293.68,308.63,308.36,75352800
2026-07-01,AAPL,293.44,296.59,289.2,294.38,294.13,50164200
2026-06-30,AAPL,281.17,289.94,280.7,289.36,289.11,65100200
2026-06-29,AAPL,286.73,288.37,279.85,281.74,281.5,66427000
2026-06-26,AAPL,275.0,285.95,274.21,283.78,283.54,261775500
2026-06-25,AAPL,287.4,288.8,273.75,275.15,274.91,107013700
2026-06-24,AAPL,295.36,299.7,292.94,293.08,292.83,53081900
2026-06-23,AAPL,297.54,301.64,294.18,294.3,294.05,52010900
2026-06-22,AAPL,297.31,302.42,296.76,297.01,296.75,44879900
2026-06-18,AAPL,298.11,300.57,295.62,298.01,297.75,85962200
2026-06-17,AAPL,300.85,302.07,294.36,295.95,295.69,42745100
2026-06-16,AAPL,295.25,300.48,293.97,299.24,298.98,39874400
2026-06-15,AAPL,294.12,297.78,291.7,296.42,296.16,45732600
2026-06-12,AAPL,296.03,297.14,289.62,291.13,290.88,38742100
2026-06-11,AAPL,293.72,297.0,289.59,295.63,295.38,42572500
2026-06-10,AAPL,290.74,294.75,287.38,291.58,291.33,52793300
2026-06-09,AAPL,300.28,300.75,287.78,290.55,290.3,70108800
2026-06-08,AAPL,308.74,317.4,301.17,301.54,301.28,77949100
2026-06-05,AAPL,312.86,315.17,307.15,307.34,307.08,65310500
2026-06-04,AAPL,313.23,313.54,309.65,311.23,310.96,44869100
2026-06-03,AAPL,314.18,316.94,308.85,310.26,309.99,50836700
2026-06-02,AAPL,307.46,315.45,306.69,315.2,314.93,44534700
2026-06-01,AAPL,309.63,310.94,305.02,306.31,306.05,48849900
2026-05-29,AAPL,311.78,315.0,309.53,312.06,311.79,70026800
2026-05-28,AAPL,310.68,312.8,309.57,312.51,312.24,48220400
2026-05-27,AAPL,308.33,313.26,308.3,310.85,310.58,50430900
2026-05-26,AAPL,309.56,311.82,307.67,308.33,308.06,48000500
2026-05-22,AAPL,306.12,311.4,305.84,308.82,308.55,43670200
2026-05-21,AAPL,301.06,305.54,300.4,304.99,304.73,42965100
2026-05-20,AAPL,298.18,302.8,298.08,302.25,301.99,38229800
2026-05-19,AAPL,296.97,300.51,296.35,298.97,298.71,42243600
2026-05-18,AAPL,300.24,300.66,294.91,297.84,297.58,34483000
2026-05-15,AAPL,297.9,303.2,296.52,300.23,299.97,54862800
2026-05-14,AAPL,299.82,300.45,295.38,298.21,297.95,35324900
2026-05-13,AAPL,293.5,300.92,293.5,298.87,298.61,52684300
2026-05-12,AAPL,292.56,295.27,292.56,294.8,294.55,45748100
2026-05-11,AAPL,291.98,293.88,290.23,292.68,292.43,42247300
2026-05-08,AAPL,290.01,294.76,290.0,293.32,292.8,52692800
2026-05-07,AAPL,289.27,292.13,285.78,287.44,286.93,45224300
2026-05-06,AAPL,281.92,288.03,281.07,287.51,287.0,58336100
2026-05-05,AAPL,276.93,284.57,276.5,284.18,283.67,49311700
2026-05-04,AAPL,279.66,280.63,274.86,276.83,276.34,46668400
2026-05-01,AAPL,278.86,287.22,278.37,280.14,279.64,79915400
2026-04-30,AAPL,270.5,276.0,268.14,271.35,270.87,91848200
2026-04-29,AAPL,267.55,271.04,267.04,270.17,269.69,30047900
2026-04-28,AAPL,272.34,273.23,268.66,270.71,270.23,40018900
2026-04-27,AAPL,266.09,268.36,265.07,267.61,267.13,41466800
2026-04-24,AAPL,272.76,273.06,269.65,271.06,270.58,38157100
2026-04-23,AAPL,275.05,275.77,271.65,273.43,272.94,33399600
2026-04-22,AAPL,267.82,273.74,266.87,273.17,272.68,43249200
2026-04-21,AAPL,271.5,272.8,265.4,266.17,265.7,50209800
2026-04-20,AAPL,270.33,274.28,270.29,273.05,272.56,36590200
2026-04-17,AAPL,266.96,272.3,266.72,270.23,269.75,61436200
2026-04-16,AAPL,266.8,267.16,261.27,263.4,262.93,43323100
2026-04-15,AAPL,258.16,266.56,257.81,266.43,265.96,49913500
2026-04-14,AAPL,259.25,261.93,257.19,258.83,258.37,48370700
2026-04-13,AAPL,259.73,260.18,256.66,259.2,258.74,36234700
2026-04-10,AAPL,259.98,262.19,259.02,260.48,260.02,31291500
2026-04-09,AAPL,259.0,261.12,256.07,260.49,260.03,28121600
2026-04-08,AAPL,258.45,259.75,256.53,258.9,258.44,41032800
2026-04-07,AAPL,256.16,256.2,245.7,253.5,253.05,62148000
2026-04-06,AAPL,256.51,262.16,256.46,258.86,258.4,29329900
2026-04-02,AAPL,254.2,256.13,250.65,255.92,255.46,31289400
2026-04-01,AAPL,254.08,256.18,253.33,255.63,255.17,40059400
2026-03-31,AAPL,247.91,255.48,247.1,253.79,253.34,49598100
2026-03-30,AAPL,250.07,250.87,245.51,246.63,246.19,39446200
2026-03-27,AAPL,253.9,255.49,248.07,248.8,248.36,47900000
2026-03-26,AAPL,252.12,257.0,250.77,252.89,252.44,41796700
2026-03-25,AAPL,254.1,255.0,251.6,252.62,252.17,28476700
2026-03-24,AAPL,250.35,254.83,249.55,251.64,251.19,45152300
2026-03-23,AAPL,253.97,254.6,250.28,251.49,251.04,40546100
2026-03-20,AAPL,247.98,249.2,246.0,247.99,247.55,88331100
2026-03-19,AAPL,249.4,251.83,247.3,248.96,248.52,34864100
2026-03-18,AAPL,252.63,254.94,249.0,249.94,249.49,35757900
2026-03-17,AAPL,252.96,255.13,252.18,254.23,253.78,32361600
2026-03-16,AAPL,252.11,253.89,249.88,252.82,252.37,32074200
2026-03-13,AAPL,255.48,256.33,249.52,250.12,249.67,36930000
2026-03-12,AAPL,258.66,258.95,254.18,255.76,255.3,40794000
2026-03-11,AAPL,261.09,262.13,259.55,260.81,260.35,26218900
2026-03-10,AAPL,257.65,262.48,256.95,260.83,260.37,30590800
2026-03-09,AAPL,255.69,261.15,253.68,259.88,259.42,38218500
2026-03-06,AAPL,258.63,258.77,254.37,257.46,257.0,41120000
2026-03-05,AAPL,260.79,261.56,257.25,260.29,259.83,49658600
2026-03-04,AAPL,264.65,266.15,261.42,262.52,262.05,39803100
2026-03-03,AAPL,263.48,265.56,260.13,263.75,263.28,38568900
2026-03-02,AAPL,262.41,266.53,260.2,264.72,264.25,41827900
2026-02-27,AAPL,272.81,272.81,262.89,264.18,263.71,72366500
2026-02-26,AAPL,274.95,276.11,270.8,272.95,272.46,32345100
2026-02-25,AAPL,271.78,274.94,271.05,274.23,273.74,33714300
2026-02-24,AAPL,267.86,274.89,267.71,272.14,271.66,47014600
2026-02-23,AAPL,263.49,269.43,263.38,266.18,265.71,37308200
2026-02-20,AAPL,258.97,264.75,258.16,264.58,264.11,42070500
2026-02-19,AAPL,262.6,264.48,260.05,260.58,260.12,30845300
2026-02-18,AAPL,263.6,266.82,262.45,264.35,263.88,34203300
2026-02-17,AAPL,258.05,266.29,255.54,263.88,263.41,58469100
2026-02-13,AAPL,262.01,262.23,255.45,255.78,255.32,56290700
2026-02-12,AAPL,275.59,275.72,260.18,261.73,261.26,81077200
2026-02-11,AAPL,274.7,280.18,274.45,275.5,275.01,51931300
2026-02-10,AAPL,274.89,275.37,272.94,273.68,273.19,34376900
2026-02-09,AAPL,277.91,278.2,271.7,274.62,274.13,44623400
2026-02-06,AAPL,277.12,280.91,276.93,278.12,277.36,50453400
2026-02-05,AAPL,278.13,279.5,273.23,275.91,275.16,52977400
2026-02-04,AAPL,272.29,278.95,272.29,276.49,275.74,90545700
2026-02-03,AAPL,269.2,271.88,267.61,269.48,268.75,64394700
2026-02-02,AAPL,260.03,270.49,259.21,270.01,269.28,73913400
2026-01-30,AAPL,255.17,261.9,252.18,259.48,258.78,92443400
2026-01-29,AAPL,258.0,259.65,254.41,258.28,257.58,67253000
2026-01-28,AAPL,257.65,258.86,254.51,256.44,255.74,41288000
2026-01-27,AAPL,259.17,261.95,258.21,258.27,257.57,49648300
2026-01-26,AAPL,251.48,256.56,249.8,255.41,254.72,55969200
2026-01-23,AAPL,247.32,249.41,244.68,248.04,247.37,41689000
2026-01-22,AAPL,249.2,251.0,248.15,248.35,247.68,39708300
2026-01-21,AAPL,248.7,251.56,245.18,247.65,246.98,54641700
2026-01-20,AAPL,252.73,254.79,243.42,246.7,246.03,80267500
2026-01-16,AAPL,257.9,258.9,254.93,255.53,254.84,72142800
2026-01-15,AAPL,260.65,261.04,257.05,258.21,257.51,39388600
2026-01-14,AAPL,259.49,261.82,256.71,259.96,259.25,40019400
2026-01-13,AAPL,258.72,261.81,258.39,261.05,260.34,45730800
2026-01-12,AAPL,259.16,261.3,256.8,260.25,259.54,45263800
2026-01-09,AAPL,259.08,260.21,256.22,259.37,258.67,39997000
2026-01-08,AAPL,257.02,259.29,255.7,259.04,258.34,50419300
2026-01-07,AAPL,263.2,263.68,259.81,260.33,259.62,48309800
2026-01-06,AAPL,267.0,267.55,262.12,262.36,261.65,52352100
2026-01-05,AAPL,270.64,271.51,266.14,267.26,266.53,45647200
2026-01-02,AAPL,272.26,277.84,269.0,271.01,270.27,37838100
2025-12-31,AAPL,273.06,273.68,271.75,271.86,271.12,27293600
2025-12-30,AAPL,272.81,274.08,272.28,273.08,272.34,22139600
2025-12-29,AAPL,272.69,274.36,272.35,273.76,273.02,23715200
2025-12-26,AAPL,274.16,275.37,272.86,273.4,272.66,21521800
2025-12-24,AAPL,272.34,275.43,272.2,273.81,273.07,17910600
2025-12-23,AAPL,270.84,272.5,269.56,272.36,271.62,29642000
2025-12-22,AAPL,272.86,273.88,270.51,270.97,270.23,36571800
2025-12-19,AAPL,272.15,274.6,269.9,273.67,272.93,144632000
2025-12-18,AAPL,273.61,273.63,266.95,272.19,271.45,51630700
2025-12-17,AAPL,275.01,276.16,271.64,271.84,271.1,50138700
2025-12-16,AAPL,272.82,275.5,271.79,274.61,273.86,37648600
2025-12-15,AAPL,280.15,280.15,272.84,274.11,273.37,50409100
2025-12-12,AAPL,277.9,279.22,276.82,278.28,277.52,39532900
2025-12-11,AAPL,279.1,279.59,273.81,278.03,277.28,33248000
2025-12-10,AAPL,277.75,279.75,276.44,278.78,278.02,33038300
2025-12-09,AAPL,278.16,280.03,276.92,277.18,276.43,32193300
2025-12-08,AAPL,278.13,279.67,276.15,277.89,277.14,38211800
2025-12-05,AAPL,280.54,281.14,278.05,278.78,278.02,47265800
2025-12-04,AAPL,284.1,284.73,278.59,280.7,279.94,43989100
2025-12-03,AAPL,286.2,288.62,283.3,284.15,283.38,43538700
2025-12-02,AAPL,283.0,287.4,282.63,286.19,285.41,53669500
2025-12-01,AAPL,278.01,283.42,276.14,283.1,282.33,46587700
2025-11-28,AAPL,277.26,279.0,275.99,278.85,278.09,20135600
2025-11-26,AAPL,276.96,279.53,276.63,277.55,276.8,33431400
2025-11-25,AAPL,275.27,280.38,275.25,276.97,276.22,46914200
2025-11-24,AAPL,270.9,277.0,270.9,275.92,275.17,65585800
2025-11-21,AAPL,265.95,273.33,265.67,271.49,270.75,59030800
2025-11-20,AAPL,270.83,275.43,265.92,266.25,265.53,45823600
2025-11-19,AAPL,265.53,272.21,265.5,268.56,267.83,40424500
2025-11-18,AAPL,269.99,270.71,265.32,267.44,266.71,45677300
2025-11-17,AAPL,268.82,270.49,265.73,267.46,266.73,45018300
2025-11-14,AAPL,271.05,275.96,269.6,272.41,271.67,47431300
2025-11-13,AAPL,274.11,276.7,272.09,272.95,272.21,49602800
2025-11-12,AAPL,275.0,275.73,271.7,273.47,272.73,48398000
2025-11-11,AAPL,269.81,275.91,269.8,275.25,274.5,46208300
2025-11-10,AAPL,268.96,273.73,267.46,269.43,268.7,41312400
2025-11-07,AAPL,269.8,272.29,266.77,268.47,267.48,48227400
2025-11-06,AAPL,267.89,273.4,267.89,269.77,268.78,51204000
2025-11-05,AAPL,268.61,271.7,266.93,270.14,269.15,43683100
2025-11-04,AAPL,268.33,271.49,267.62,270.04,269.05,49274800
2025-11-03,AAPL,270.42,270.85,266.25,269.05,268.06,50194600
2025-10-31,AAPL,276.99,277.32,269.16,270.37,269.37,86167100
2025-10-30,AAPL,271.99,274.14,268.48,271.4,270.4,69886500
2025-10-29,AAPL,269.28,271.41,267.11,269.7,268.71,51086700
2025-10-28,AAPL,268.99,269.89,268.15,269.0,268.01,41534800
2025-10-27,AAPL,264.88,269.12,264.65,268.81,267.82,44888200
2025-10-24,AAPL,261.19,264.13,259.18,262.82,261.85,38253700
2025-10-23,AAPL,259.94,260.62,258.01,259.58,258.62,32754900
2025-10-22,AAPL,262.65,262.85,255.43,258.45,257.5,45015300
2025-10-21,AAPL,261.88,265.29,261.83,262.77,261.8,46695900
2025-10-20,AAPL,255.89,264.38,255.63,262.24,261.27,90483000
2025-10-17,AAPL,248.02,253.38,247.27,252.29,251.36,49147000
2025-10-16,AAPL,248.25,249.04,245.13,247.45,246.54,39777000
2025-10-15,AAPL,249.49,251.82,247.47,249.34,248.42,33893600
2025-10-14,AAPL,246.6,248.85,244.7,247.77,246.86,35478000
2025-10-13,AAPL,249.38,249.69,245.56,247.66,246.75,38142900
2025-10-10,AAPL,254.94,256.38,244.0,245.27,244.37,61999100
2025-10-09,AAPL,257.81,258.0,253.14,254.04,253.11,38322000
2025-10-08,AAPL,256.52,258.52,256.11,258.06,257.11,36496900
2025-10-07,AAPL,256.81,257.4,255.43,256.48,255.54,31955800
2025-10-06,AAPL,257.99,259.07,255.05,256.69,255.75,44664100
2025-10-03,AAPL,254.67,259.24,253.95,258.02,257.07,49155600
2025-10-02,AAPL,256.58,258.18,254.15,257.13,256.18,42630200
2025-10-01,AAPL,255.04,258.79,254.93,255.45,254.51,48713900
2025-09-30,AAPL,254.86,255.92,253.11,254.63,253.69,37704300
2025-09-29,AAPL,254.56,255.0,253.01,254.43,253.49,40127700
2025-09-26,AAPL,254.1,257.6,253.78,255.46,254.52,46076300
2025-09-25,AAPL,253.21,257.17,251.71,256.87,255.92,55202100
2025-09-24,AAPL,255.22,255.74,251.04,252.31,251.38,42303700
2025-09-23,AAPL,255.88,257.34,253.58,254.43,253.49,60275200
2025-09-22,AAPL,248.3,256.64,248.12,256.08,255.14,105517400
2025-09-19,AAPL,241.23,246.3,240.21,245.5,244.6,163741300
2025-09-18,AAPL,239.97,241.2,236.65,237.88,237.0,44249600
2025-09-17,AAPL,238.97,240.1,237.73,238.99,238.11,46508000
2025-09-16,AAPL,237.18,241.22,236.32,238.15,237.27,63421100
2025-09-15,AAPL,237.0,238.19,235.03,236.7,235.83,42699500
2025-09-12,AAPL,229.22,234.51,229.02,234.07,233.21,55824200
2025-09-11,AAPL,226.88,230.45,226.65,230.03,229.18,50208600
2025-09-10,AAPL,232.19,232.42,225.95,226.79,225.96,83440800
2025-09-09,AAPL,237.0,238.78,233.36,234.35,233.49,66313900
2025-09-08,AAPL,239.3,240.15,236.34,237.88,237.0,48999500
2025-09-05,AAPL,240.0,241.32,238.49,239.69,238.81,54870400
2025-09-04,AAPL,238.45,239.9,236.74,239.78,238.9,47549400
2025-09-03,AAPL,237.21,238.85,234.36,238.47,237.59,66427800
2025-09-02,AAPL,229.25,230.85,226.97,229.72,228.87,44075600
2025-08-29,AAPL,232.51,233.38,231.37,232.14,231.29,39418400
2025-08-28,AAPL,230.82,233.41,229.34,232.56,231.7,38074700
2025-08-27,AAPL,228.61,230.9,228.26,230.49,229.64,31259500
2025-08-26,AAPL,226.87,229.49,224.69,229.31,228.47,54575100
2025-08-25,AAPL,226.48,229.3,226.23,227.16,226.32,30983100
2025-08-22,AAPL,226.17,229.09,225.41,227.76,226.92,42477800
2025-08-21,AAPL,226.27,226.52,223.78,224.9,224.07,30621200
2025-08-20,AAPL,229.98,230.47,225.77,226.01,225.18,42263900
2025-08-19,AAPL,231.28,232.87,229.35,230.56,229.71,39402600
2025-08-18,AAPL,231.7,233.12,230.11,230.89,230.04,37476200
2025-08-15,AAPL,234.0,234.28,229.34,231.59,230.74,56038700
2025-08-14,AAPL,234.06,235.12,230.85,232.78,231.92,51916300
2025-08-13,AAPL,231.07,235.0,230.43,233.33,232.47,69878500
2025-08-12,AAPL,228.01,230.8,227.07,229.65,228.8,55626200
2025-08-11,AAPL,227.92,229.56,224.76,227.18,226.34,61806100
2025-08-08,AAPL,220.83,231.0,219.25,229.35,228.25,113854000
2025-08-07,AAPL,218.88,220.85,216.58,220.03,218.97,90224800
2025-08-06,AAPL,205.63,215.38,205.59,213.25,212.22,108483100
2025-08-05,AAPL,203.4,205.34,202.16,202.92,201.94,44155100
2025-08-04,AAPL,204.51,207.88,201.68,203.35,202.37,75109300
2025-08-01,AAPL,210.87,213.58,201.5,202.38,201.41,104434500
2025-07-31,AAPL,208.49,209.84,207.16,207.57,206.57,80698400
2025-07-30,AAPL,211.9,212.39,207.72,209.05,208.04,45512500
2025-07-29,AAPL,214.18,214.81,210.82,211.27,210.25,51411700
2025-07-28,AAPL,214.03,214.85,213.06,214.05,213.02,37858000
2025-07-25,AAPL,214.7,215.24,213.4,213.88,212.85,40268800
2025-07-24,AAPL,213.9,215.69,213.53,213.76,212.73,46022600
2025-07-23,AAPL,215.0,215.15,212.41,214.15,213.12,46989300
2025-07-22,AAPL,213.14,214.95,212.23,214.4,213.37,46404100
2025-07-21,AAPL,212.1,215.78,211.63,212.48,211.46,51377400
2025-07-18,AAPL,210.87,211.79,209.7,211.18,210.16,48974600
2025-07-17,AAPL,210.57,211.8,209.59,210.02,209.01,48068100
2025-07-16,AAPL,210.3,212.4,208.64,210.16,209.15,47490500
2025-07-15,AAPL,209.22,211.89,208.92,209.11,208.1,42296300
2025-07-14,AAPL,209.93,210.91,207.54,208.62,207.62,38840100
2025-07-11,AAPL,210.57,212.13,209.86,211.16,210.14,39765800
2025-07-10,AAPL,210.51,213.48,210.03,212.41,211.39,44443600
2025-07-09,AAPL,209.53,211.33,207.22,211.14,210.12,48749400
2025-07-08,AAPL,210.1,211.43,208.45,210.01,209.0,42848900
2025-07-07,AAPL,212.68,216.23,208.8,209.95,208.94,50229000
2025-07-03,AAPL,212.15,214.65,211.81,213.55,212.52,34955800
2025-07-02,AAPL,208.91,213.34,208.14,212.44,211.42,67941800
2025-07-01,AAPL,206.67,210.19,206.14,207.82,206.82,78788900
2025-06-30,AAPL,202.01,207.39,199.26,205.17,204.18,91912800
2025-06-27,AAPL,201.89,203.22,200.0,201.08,200.11,73188600
2025-06-26,AAPL,201.43,202.64,199.46,201.0,200.03,50799100
2025-06-25,AAPL,201.45,203.67,200.62,201.56,200.59,39525700
2025-06-24,AAPL,202.59,203.44,200.2,200.3,199.34,54064000
2025-06-23,AAPL,201.63,202.3,198.96,201.5,200.53,55814300
2025-06-20,AAPL,198.24,201.7,196.86,201.0,200.03,96813500
2025-06-18,AAPL,195.94,197.57,195.07,196.58,195.63,45394700
2025-06-17,AAPL,197.2,198.39,195.21,195.64,194.7,38856200
2025-06-16,AAPL,197.3,198.69,196.56,198.42,197.47,43020700
2025-06-13,AAPL,199.73,200.37,195.7,196.45,195.51,51447300
2025-06-12,AAPL,199.08,199.68,197.36,199.2,198.24,43904600
2025-06-11,AAPL,203.5,204.5,198.41,198.78,197.82,60989900
2025-06-10,AAPL,200.6,204.35,200.57,202.67,201.7,54672600
2025-06-09,AAPL,204.39,206.0,200.02,201.45,200.48,72862600
2025-06-06,AAPL,203.0,205.7,202.05,203.92,202.94,46607700
2025-06-05,AAPL,203.5,204.75,200.15,200.63,199.67,55126100
2025-06-04,AAPL,202.91,206.24,202.1,202.82,201.84,43604000
2025-06-03,AAPL,201.35,203.77,200.96,203.27,202.29,46381600
2025-06-02,AAPL,200.28,202.13,200.12,201.7,200.73,35423300
2025-05-30,AAPL,199.37,201.96,196.78,200.85,199.88,70819900
2025-05-29,AAPL,203.58,203.81,198.51,199.95,198.99,51396800
2025-05-28,AAPL,200.59,202.73,199.9,200.42,199.46,45339700
2025-05-27,AAPL,198.3,200.74,197.43,200.21,199.25,56288500
2025-05-23,AAPL,193.67,197.7,193.46,195.27,194.33,78432900
2025-05-22,AAPL,200.71,202.75,199.7,201.36,200.39,46742400
2025-05-21,AAPL,205.17,207.04,200.71,202.09,201.12,59211800
2025-05-20,AAPL,207.67,208.47,205.03,206.86,205.87,42496600
2025-05-19,AAPL,207.91,209.48,204.26,208.78,207.78,46140500
2025-05-16,AAPL,212.36,212.57,209.77,211.26,210.24,54737900
2025-05-15,AAPL,210.95,212.96,209.54,211.45,210.43,45029500
2025-05-14,AAPL,212.43,213.94,210.58,212.33,211.31,49325800
2025-05-13,AAPL,210.43,213.4,209.0,212.93,211.91,51909300
2025-05-12,AAPL,210.97,211.27,206.75,210.79,209.78,63775800
2025-05-09,AAPL,199.0,200.54,197.54,198.53,197.32,36453900
2025-05-08,AAPL,197.72,200.05,194.68,197.49,196.28,50478900
2025-05-07,AAPL,199.17,199.44,193.25,196.25,195.05,68536700
2025-05-06,AAPL,198.21,200.65,197.02,198.51,197.3,51216500
2025-05-05,AAPL,203.1,204.1,198.21,198.89,197.67,69018500
2025-05-02,AAPL,206.09,206.99,202.16,205.35,204.09,101010600
2025-05-01,AAPL,209.08,214.56,208.9,213.32,212.02,57365700
2025-04-30,AAPL,209.3,213.58,206.67,212.5,211.2,52286500
2025-04-29,AAPL,208.69,212.24,208.37,211.21,209.92,36827600
2025-04-28,AAPL,210.0,211.5,207.46,210.14,208.86,38743100
2025-04-25,AAPL,206.37,209.75,206.2,209.28,208.0,38222300
2025-04-24,AAPL,204.89,208.83,202.94,208.37,207.1,47311000
2025-04-23,AAPL,206.0,208.0,202.8,204.6,203.35,52929200
2025-04-22,AAPL,196.12,201.59,195.97,199.74,198.52,52976400
2025-04-21,AAPL,193.27,193.8,189.81,193.16,191.98,46742500
2025-04-17,AAPL,197.2,198.83,194.42,196.98,195.78,52164700
2025-04-16,AAPL,198.36,200.7,192.37,194.27,193.08,59732400
2025-04-15,AAPL,201.86,203.51,199.8,202.14,200.9,51343900
2025-04-14,AAPL,211.44,212.94,201.16,202.52,201.28,101352900
2025-04-11,AAPL,186.1,199.54,186.06,198.15,196.94,87435900
2025-04-10,AAPL,189.07,194.78,183.0,190.42,189.26,121880000
2025-04-09,AAPL,171.95,200.61,171.89,198.85,197.63,184395900
2025-04-08,AAPL,186.7,190.34,169.21,172.42,171.37,120859500
2025-04-07,AAPL,177.2,194.15,174.62,181.46,180.35,160466300
2025-04-04,AAPL,193.89,199.88,187.34,188.38,187.23,125910900
2025-04-03,AAPL,205.54,207.49,201.25,203.19,201.95,103419000
2025-04-02,AAPL,221.32,225.19,221.02,223.89,222.52,35905900
2025-04-01,AAPL,219.81,223.68,218.9,223.19,221.83,36412700
2025-03-31,AAPL,217.01,225.62,216.23,222.13,220.77,65299300
2025-03-28,AAPL,221.67,223.81,217.68,217.9,216.57,39818600
2025-03-27,AAPL,221.39,224.99,220.56,223.85,222.48,37094800
2025-03-26,AAPL,223.51,225.02,220.47,221.53,220.18,34466100
2025-03-25,AAPL,220.77,224.1,220.08,223.75,222.38,34493600
2025-03-24,AAPL,221.0,221.48,218.58,220.73,219.38,44299500
2025-03-21,AAPL,211.56,218.84,211.28,218.27,216.94,94127800
2025-03-20,AAPL,213.99,217.49,212.22,214.1,212.79,48862900
2025-03-19,AAPL,214.22,218.76,213.75,215.24,213.92,54385400
2025-03-18,AAPL,214.16,215.15,211.49,212.69,211.39,42432400
2025-03-17,AAPL,213.31,215.22,209.97,214.0,212.69,48073400
2025-03-14,AAPL,211.25,213.95,209.58,213.49,212.18,60107600
2025-03-13,AAPL,215.95,216.84,208.42,209.68,208.4,61368300
2025-03-12,AAPL,220.14,221.75,214.91,216.98,215.65,62547500
2025-03-11,AAPL,223.81,225.84,217.45,220.84,219.49,76137400
2025-03-10,AAPL,235.54,236.16,224.22,227.48,226.09,72071200
2025-03-07,AAPL,235.11,241.37,234.76,239.07,237.61,46273600
2025-03-06,AAPL,234.44,237.86,233.16,235.33,233.89,45170400
2025-03-05,AAPL,235.42,236.55,229.23,235.74,234.3,47227600
2025-03-04,AAPL,237.71,240.07,234.68,235.93,234.49,53798100
2025-03-03,AAPL,241.79,244.03,236.11,238.03,236.57,47184000
2025-02-28,AAPL,236.95,242.09,230.2,241.84,240.36,56833400
2025-02-27,AAPL,239.41,242.46,237.06,237.3,235.85,41153600
2025-02-26,AAPL,244.33,244.98,239.13,240.36,238.89,44433600
2025-02-25,AAPL,248.0,250.0,244.91,247.04,245.53,48013300
2025-02-24,AAPL,244.93,248.86,244.42,247.1,245.59,51326400
2025-02-21,AAPL,245.95,248.69,245.22,245.55,244.05,53197400
2025-02-20,AAPL,244.94,246.78,244.29,245.83,244.33,32316900
2025-02-19,AAPL,244.66,246.01,243.16,244.87,243.37,32204200
2025-02-18,AAPL,244.15,245.18,241.84,244.47,242.98,48822500
2025-02-14,AAPL,241.25,245.55,240.99,244.6,243.1,40896200
2025-02-13,AAPL,236.91,242.34,235.57,241.53,240.05,53614100
2025-02-12,AAPL,231.2,236.96,230.68,236.87,235.42,45243300
2025-02-11,AAPL,228.2,235.23,228.13,232.62,231.2,53718400
2025-02-10,AAPL,229.57,230.59,227.2,227.65,226.26,33115600
2025-02-07,AAPL,232.6,234.0,227.26,227.63,225.99,39707200
2025-02-06,AAPL,231.29,233.8,230.43,233.22,231.54,29925300
2025-02-05,AAPL,228.53,232.67,228.27,232.47,230.8,39620300
2025-02-04,AAPL,227.25,233.13,226.65,232.8,231.12,45067300
2025-02-03,AAPL,229.99,231.83,225.7,228.01,226.37,73063300
2025-01-31,AAPL,247.19,247.19,233.44,236.0,234.3,100959800
2025-01-30,AAPL,238.67,240.79,237.21,237.59,235.88,55658300
2025-01-29,AAPL,234.12,239.86,234.01,239.36,237.64,45486100
2025-01-28,AAPL,230.85,240.19,230.81,238.26,236.54,75707600
2025-01-27,AAPL,224.02,232.15,223.98,229.86,228.2,94863400
2025-01-24,AAPL,224.78,225.63,221.41,222.78,221.17,54697900
2025-01-23,AAPL,224.74,227.03,222.3,223.66,222.05,60234800
2025-01-22,AAPL,219.79,224.12,219.79,223.83,222.22,64126500
2025-01-21,AAPL,224.0,224.42,219.38,222.64,221.04,98070400
2025-01-17,AAPL,232.12,232.29,228.48,229.98,228.32,68488300
2025-01-16,AAPL,237.35,238.01,228.03,228.26,226.62,71759100
2025-01-15,AAPL,234.64,238.96,234.43,237.87,236.16,39832000
2025-01-14,AAPL,234.75,236.12,232.47,233.28,231.6,39435300
2025-01-13,AAPL,233.53,234.67,229.72,234.4,232.71,49630700
2025-01-10,AAPL,240.01,240.16,233.0,236.85,235.14,61710900
2025-01-08,AAPL,241.92,243.71,240.05,242.7,240.95,37628900
2025-01-07,AAPL,242.98,245.55,241.35,242.21,240.46,40856000
2025-01-06,AAPL,244.31,247.33,243.2,245.0,243.23,45045600
2025-01-03,AAPL,243.36,244.18,241.89,243.36,241.61,40244100
2025-01-02,AAPL,248.93,249.1,241.82,243.85,242.09,55740700
2024-12-31,AAPL,252.44,253.28,249.43,250.42,248.62,39480700
2024-12-30,AAPL,252.23,253.5,250.75,252.2,250.38,35557500
2024-12-27,AAPL,257.83,258.7,253.06,255.59,253.75,42355300
2024-12-26,AAPL,258.19,260.1,257.63,259.02,257.15,27237100
2024-12-24,AAPL,255.49,258.21,255.29,258.2,256.34,23234700
2024-12-23,AAPL,254.77,255.65,253.45,255.27,253.43,40858800
2024-12-20,AAPL,248.04,255.0,245.69,254.49,252.66,147495300
2024-12-19,AAPL,247.5,252.0,247.09,249.79,247.99,60882300
2024-12-18,AAPL,252.16,254.28,247.74,248.05,246.26,56774100
2024-12-17,AAPL,250.08,253.83,249.78,253.48,251.65,51356400
2024-12-16,AAPL,247.99,251.38,247.65,251.04,249.23,51694800
2024-12-13,AAPL,247.82,249.29,246.24,248.13,246.34,33155300
2024-12-12,AAPL,246.89,248.74,245.68,247.96,246.17,32777500
2024-12-11,AAPL,247.96,250.8,246.26,246.49,244.71,45205800
2024-12-10,AAPL,246.89,248.21,245.34,247.77,245.98,36914800
2024-12-09,AAPL,241.83,247.24,241.75,246.75,244.97,44649200
2024-12-06,AAPL,242.91,244.63,242.08,242.84,241.09,36870600
2024-12-05,AAPL,243.99,244.54,242.13,243.04,241.29,40033900
2024-12-04,AAPL,242.87,244.11,241.25,243.01,241.26,44383900
2024-12-03,AAPL,239.81,242.76,238.9,242.65,240.9,38861000
2024-12-02,AAPL,237.27,240.79,237.16,239.59,237.86,48137100
2024-11-29,AAPL,234.81,237.81,233.97,237.33,235.62,28481400
2024-11-27,AAPL,234.47,235.69,233.81,234.93,233.24,33498400
2024-11-26,AAPL,233.33,235.57,233.33,235.06,233.37,45986200
2024-11-25,AAPL,231.46,233.25,229.74,232.87,231.19,90152800
2024-11-22,AAPL,228.06,230.72,228.06,229.87,228.21,38168300
2024-11-21,AAPL,228.88,230.16,225.71,228.52,226.87,42108300
2024-11-20,AAPL,228.06,229.93,225.89,229.0,227.35,35169600
2024-11-19,AAPL,226.98,230.16,226.66,228.28,226.64,36211800
2024-11-18,AAPL,225.25,229.74,225.17,228.02,226.38,44633700
2024-11-15,AAPL,226.4,226.92,224.27,225.0,223.38,47923700
2024-11-14,AAPL,225.02,228.87,225.0,228.22,226.58,44923900
2024-11-13,AAPL,224.01,226.65,222.76,225.12,223.5,48566200
2024-11-12,AAPL,224.55,225.59,223.36,224.23,222.61,40398300
2024-11-11,AAPL,225.0,225.7,221.5,224.23,222.61,42005600
2024-11-08,AAPL,227.17,228.66,226.41,226.96,225.32,38328800
2024-11-07,AAPL,224.63,227.88,224.57,227.48,225.59,42137700
2024-11-06,AAPL,222.61,226.07,221.19,222.72,220.87,54561100
2024-11-05,AAPL,221.8,223.95,221.14,223.45,221.6,28111300
2024-11-04,AAPL,220.99,222.79,219.71,222.01,220.17,44944500
2024-11-01,AAPL,220.97,225.35,220.27,222.91,221.06,65276700
2024-10-31,AAPL,229.34,229.83,225.37,225.91,224.04,64370100
2024-10-30,AAPL,232.61,233.47,229.55,230.1,228.19,47070900
2024-10-29,AAPL,233.1,234.33,232.32,233.67,231.73,35417200
2024-10-28,AAPL,233.32,234.73,232.55,233.4,231.46,36087100
2024-10-25,AAPL,229.74,233.22,229.57,231.41,229.49,38802300
2024-10-24,AAPL,229.98,230.82,228.41,230.57,228.66,31109500
2024-10-23,AAPL,234.08,235.14,227.76,230.76,228.85,52287000
2024-10-22,AAPL,233.89,236.22,232.6,235.86,233.9,38846600
2024-10-21,AAPL,234.45,236.85,234.45,236.48,234.52,36254500
2024-10-18,AAPL,236.18,236.18,234.01,235.0,233.05,46431500
2024-10-17,AAPL,233.43,233.85,230.52,232.15,230.22,32993800
2024-10-16,AAPL,231.6,232.12,229.84,231.78,229.86,34082200
2024-10-15,AAPL,233.61,237.49,232.37,233.85,231.91,64751400
2024-10-14,AAPL,228.7,231.73,228.6,231.3,229.38,39882100
2024-10-11,AAPL,229.3,229.41,227.34,227.55,225.66,31759200
2024-10-10,AAPL,227.78,229.5,227.17,229.04,227.14,28183500
2024-10-09,AAPL,225.23,229.75,224.83,229.54,227.64,33591100
2024-10-08,AAPL,224.3,225.98,223.25,225.77,223.9,31855700
2024-10-07,AAPL,224.5,225.69,221.33,221.69,219.85,39505400
2024-10-04,AAPL,227.9,228.0,224.13,226.8,224.92,37245100
2024-10-03,AAPL,225.14,226.81,223.32,225.67,223.8,34044200
2024-10-02,AAPL,225.89,227.37,223.02,226.78,224.9,32880600
2024-10-01,AAPL,229.52,229.65,223.74,226.21,224.33,63285000
2024-09-30,AAPL,230.04,233.0,229.65,233.0,231.07,54541900
2024-09-27,AAPL,228.46,229.52,227.3,227.79,225.9,34026000
2024-09-26,AAPL,227.3,228.5,225.41,227.52,225.63,36636700
2024-09-25,AAPL,224.93,227.29,224.02,226.37,224.49,42308700
2024-09-24,AAPL,228.65,229.35,225.73,227.37,225.48,43556100
2024-09-23,AAPL,227.34,229.45,225.81,226.47,224.59,54146000
2024-09-20,AAPL,229.97,233.09,227.62,228.2,226.31,318679900
2024-09-19,AAPL,224.99,229.82,224.63,228.87,226.97,66781300
2024-09-18,AAPL,217.55,222.71,217.54,220.69,218.86,59894900
2024-09-17,AAPL,215.75,216.9,214.5,216.79,214.99,45519300
2024-09-16,AAPL,216.54,217.22,213.92,216.32,214.53,59357400
2024-09-13,AAPL,223.58,224.04,221.91,222.5,220.65,36766600
2024-09-12,AAPL,222.5,223.55,219.82,222.77,220.92,37455600
2024-09-11,AAPL,221.46,223.09,217.89,222.66,220.81,44587100
2024-09-10,AAPL,218.92,221.48,216.73,220.11,218.28,51591000
2024-09-09,AAPL,220.82,221.27,216.71,220.91,219.08,67180000
2024-09-06,AAPL,223.95,225.24,219.77,220.82,218.99,48423000
2024-09-05,AAPL,221.63,225.48,221.52,222.38,220.54,36615400
2024-09-04,AAPL,221.66,221.78,217.48,220.85,219.02,43840200
2024-09-03,AAPL,228.55,229.0,221.17,222.77,220.92,50190600
2024-08-30,AAPL,230.19,230.4,227.48,229.0,227.1,52990800
2024-08-29,AAPL,230.1,232.92,228.88,229.79,227.88,51906300
2024-08-28,AAPL,227.92,229.86,225.68,226.49,224.61,38052200
2024-08-27,AAPL,226.0,228.85,224.89,228.03,226.14,35934600
2024-08-26,AAPL,226.76,227.28,223.89,227.18,225.3,30602200
2024-08-23,AAPL,225.66,228.22,224.33,226.84,224.96,38677300
2024-08-22,AAPL,227.79,228.34,223.9,224.53,222.67,43695300
2024-08-21,AAPL,226.52,227.98,225.05,226.4,224.52,34765500
2024-08-20,AAPL,225.77,227.17,225.45,226.51,224.63,30299000
2024-08-19,AAPL,225.72,225.99,223.04,225.89,224.02,40687800
2024-08-16,AAPL,223.92,226.83,223.65,226.05,224.17,44340200
2024-08-15,AAPL,224.6,225.35,222.76,224.72,222.86,46414000
2024-08-14,AAPL,220.57,223.03,219.7,221.72,219.88,41960600
2024-08-13,AAPL,219.01,221.89,219.01,221.27,219.43,44155300
2024-08-12,AAPL,216.07,219.51,215.6,217.53,215.73,38028100
2024-08-09,AAPL,212.1,216.78,211.97,216.24,214.2,42201600
2024-08-08,AAPL,213.11,214.2,208.83,213.31,211.3,47161100
2024-08-07,AAPL,206.9,213.64,206.39,209.82,207.84,63516400
2024-08-06,AAPL,205.3,209.99,201.07,207.23,205.27,69660500
2024-08-05,AAPL,199.09,213.5,196.0,209.27,207.29,119548600
2024-08-02,AAPL,219.15,225.6,217.71,219.86,217.78,105568600
2024-08-01,AAPL,224.37,224.48,217.02,218.36,216.3,62501000
2024-07-31,AAPL,221.44,223.82,220.63,222.08,219.98,50036300
2024-07-30,AAPL,219.19,220.33,216.12,218.8,216.73,41643800
2024-07-29,AAPL,216.96,219.3,215.75,218.24,216.18,36311800
2024-07-26,AAPL,218.7,219.49,216.01,217.96,215.9,41601300
2024-07-25,AAPL,218.93,220.85,214.62,217.49,215.44,51391200
2024-07-24,AAPL,224.0,224.8,217.13,218.54,216.48,61777600
2024-07-23,AAPL,224.37,226.94,222.68,225.01,222.89,39960300
2024-07-22,AAPL,227.01,227.78,223.09,223.96,221.85,48201800
2024-07-19,AAPL,224.82,226.8,223.28,224.31,222.19,49151500
2024-07-18,AAPL,230.28,230.44,222.27,224.18,222.06,66034600
2024-07-17,AAPL,229.45,231.46,226.64,228.88,226.72,57345900
2024-07-16,AAPL,235.0,236.27,232.33,234.82,232.6,43234300
2024-07-15,AAPL,236.48,237.23,233.09,234.4,232.19,62631300
2024-07-12,AAPL,228.92,232.64,228.68,230.54,228.36,53046500
2024-07-11,AAPL,231.39,232.39,225.77,227.57,225.42,64710600
2024-07-10,AAPL,229.3,233.08,229.25,232.98,230.78,62627700
2024-07-09,AAPL,227.93,229.4,226.37,228.68,226.52,48076100
2024-07-08,AAPL,227.09,227.85,223.25,227.82,225.67,59085900
2024-07-05,AAPL,221.65,226.45,221.65,226.34,224.2,60412400
2024-07-03,AAPL,220.0,221.55,219.03,221.55,219.46,37369800
2024-07-02,AAPL,216.15,220.38,215.1,220.27,218.19,58046200
2024-07-01,AAPL,212.09,217.51,211.92,216.75,214.7,60402900
2024-06-28,AAPL,215.77,216.07,210.3,210.62,208.63,82542700
2024-06-27,AAPL,214.69,215.74,212.35,214.1,212.08,49772700
2024-06-26,AAPL,211.5,214.86,210.64,213.25,211.24,66213200
2024-06-25,AAPL,209.15,211.38,208.61,209.07,207.1,55549700
2024-06-24,AAPL,207.72,212.7,206.59,208.14,206.17,80727000
2024-06-21,AAPL,210.39,211.89,207.11,207.49,205.53,241805100
2024-06-20,AAPL,213.93,214.24,208.85,209.68,207.7,86172500
2024-06-18,AAPL,217.59,218.63,213.0,214.29,212.27,79943300
2024-06-17,AAPL,213.37,218.95,212.72,216.67,214.62,93728300
2024-06-14,AAPL,213.85,215.17,211.3,212.49,210.48,70122700
2024-06-13,AAPL,214.74,216.75,211.6,214.24,212.22,97862700
2024-06-12,AAPL,207.37,220.2,206.9,213.07,211.06,198134300
2024-06-11,AAPL,193.65,207.16,193.63,207.15,205.19,172373300
2024-06-10,AAPL,196.9,197.3,192.15,193.12,191.3,97010200
2024-06-07,AAPL,194.65,196.94,194.14,196.89,195.03,53103900
2024-06-06,AAPL,195.69,196.5,194.17,194.48,192.64,41181800
2024-06-05,AAPL,195.4,196.9,194.87,195.87,194.02,54156800
2024-06-04,AAPL,194.64,195.32,193.03,194.35,192.51,47471400
2024-06-03,AAPL,192.9,194.99,192.52,194.03,192.2,50080500
2024-05-31,AAPL,191.44,192.57,189.91,192.25,190.43,75158300
2024-05-30,AAPL,190.76,192.18,190.63,191.29,189.48,49889100
2024-05-29,AAPL,189.61,192.25,189.51,190.29,188.49,53068000
2024-05-28,AAPL,191.51,193.0,189.1,189.99,188.2,52280100
2024-05-24,AAPL,188.82,190.58,188.04,189.98,188.19,36327000
2024-05-23,AAPL,190.98,191.0,186.63,186.88,185.12,51005900
2024-05-22,AAPL,192.27,192.82,190.27,190.9,189.1,34648500
2024-05-21,AAPL,191.09,192.73,190.92,192.35,190.53,42309400
2024-05-20,AAPL,189.33,191.92,189.01,191.04,189.24,44361300
2024-05-17,AAPL,189.51,190.81,189.18,189.87,188.08,41282900
2024-05-16,AAPL,190.47,191.1,189.66,189.84,188.05,52845200
2024-05-15,AAPL,187.91,190.65,187.37,189.72,187.93,70400000
2024-05-14,AAPL,187.51,188.3,186.29,187.43,185.66,52393600
2024-05-13,AAPL,185.44,187.1,184.62,186.28,184.52,72044800
2024-05-10,AAPL,184.9,185.09,182.13,183.05,181.32,50759500
2024-05-09,AAPL,182.56,184.66,182.11,184.57,182.58,48983000
2024-05-08,AAPL,182.85,183.07,181.45,182.74,180.77,45057100
2024-05-07,AAPL,183.45,184.9,181.32,182.4,180.43,77305800
2024-05-06,AAPL,182.35,184.2,180.42,181.71,179.75,78569700
2024-05-03,AAPL,186.65,187.0,182.66,183.38,181.4,163224100
2024-05-02,AAPL,172.51,173.42,170.89,173.03,171.16,94214900
2024-05-01,AAPL,169.58,172.71,169.11,169.3,167.47,50383100
2024-04-30,AAPL,173.33,174.99,170.0,170.33,168.49,65934800
2024-04-29,AAPL,173.37,176.03,173.1,173.5,171.63,68169400
2024-04-26,AAPL,169.88,171.34,169.18,169.3,167.47,44838400
2024-04-25,AAPL,169.53,170.61,168.15,169.89,168.06,50558300
2024-04-24,AAPL,166.54,169.3,166.21,169.02,167.2,48251800
2024-04-23,AAPL,165.35,167.05,164.92,166.9,165.1,49537800
2024-04-22,AAPL,165.52,167.26,164.77,165.84,164.05,48116400
2024-04-19,AAPL,166.21,166.4,164.08,165.0,163.22,68149400
2024-04-18,AAPL,168.03,168.64,166.55,167.04,165.24,43122900
2024-04-17,AAPL,169.61,170.65,168.0,168.0,166.19,50901200
2024-04-16,AAPL,171.75,173.76,168.27,169.38,167.55,73711200
2024-04-15,AAPL,175.36,176.63,172.5,172.69,170.83,73531800
2024-04-12,AAPL,174.26,178.36,174.21,176.55,174.65,101670900
2024-04-11,AAPL,168.34,175.46,168.16,175.04,173.15,91070300
2024-04-10,AAPL,168.8,169.09,167.11,167.78,165.97,49709300
2024-04-09,AAPL,168.7,170.08,168.35,169.67,167.84,42373800
2024-04-08,AAPL,169.03,169.2,168.24,168.45,166.63,37425500
2024-04-05,AAPL,169.59,170.39,168.95,169.58,167.75,42104800
2024-04-04,AAPL,170.29,171.92,168.82,168.82,167.0,53704400
2024-04-03,AAPL,168.79,170.68,168.58,169.65,167.82,47691700
2024-04-02,AAPL,169.08,169.34,168.23,168.84,167.02,49329500
2024-04-01,AAPL,171.19,171.25,169.48,170.03,168.2,46240500
2024-03-28,AAPL,171.75,172.23,170.51,171.48,169.63,65672700
2024-03-27,AAPL,170.41,173.6,170.11,173.31,171.44,60273300
2024-03-26,AAPL,170.0,171.42,169.58,169.71,167.88,57388400
2024-03-25,AAPL,170.57,171.94,169.45,170.85,169.01,54288300
2024-03-22,AAPL,171.76,173.05,170.06,172.28,170.42,71160100
2024-03-21,AAPL,177.05,177.49,170.84,171.37,169.52,106181300
2024-03-20,AAPL,175.72,178.67,175.09,178.67,176.74,53423100
2024-03-19,AAPL,174.34,176.61,173.03,176.08,174.18,55215200
2024-03-18,AAPL,175.57,177.71,173.52,173.72,171.85,75604200
2024-03-15,AAPL,171.17,172.62,170.29,172.62,170.76,121752700
2024-03-14,AAPL,172.91,174.31,172.05,173.0,171.13,72913500
2024-03-13,AAPL,172.77,173.19,170.76,171.13,169.28,52488700
2024-03-12,AAPL,173.15,174.03,171.01,173.23,171.36,59825400
2024-03-11,AAPL,172.94,174.38,172.05,172.75,170.89,60139500
2024-03-08,AAPL,169.0,173.7,168.94,170.73,168.89,76267000
2024-03-07,AAPL,169.15,170.73,168.49,169.0,167.18,71765100
2024-03-06,AAPL,171.06,171.24,168.68,169.12,167.3,68587700
2024-03-05,AAPL,170.76,172.04,169.62,170.12,168.29,95132400
2024-03-04,AAPL,176.15,176.9,173.79,175.1,173.21,81510100
2024-03-01,AAPL,179.55,180.53,177.38,179.66,177.72,73563100
2024-02-29,AAPL,181.27,182.57,179.53,180.75,178.8,136682600
2024-02-28,AAPL,182.51,183.12,180.13,181.42,179.46,48953900
2024-02-27,AAPL,181.1,183.92,179.56,182.63,180.66,54318900
2024-02-26,AAPL,182.24,182.76,180.65,181.16,179.21,40867400
2024-02-23,AAPL,185.01,185.04,182.23,182.52,180.55,45119700
2024-02-22,AAPL,183.48,184.96,182.46,184.37,182.38,52292200
2024-02-21,AAPL,181.94,182.89,180.66,182.32,180.35,41371400
2024-02-20,AAPL,181.79,182.43,180.0,181.56,179.6,53665600
2024-02-16,AAPL,183.42,184.85,181.67,182.31,180.34,49752500
2024-02-15,AAPL,183.55,184.49,181.35,183.86,181.88,65434500
2024-02-14,AAPL,185.32,185.53,182.44,184.15,182.16,54630500
2024-02-13,AAPL,185.77,186.21,183.51,185.04,183.04,56529500
2024-02-12,AAPL,188.42,188.67,186.79,187.15,185.13,41781900
2024-02-09,AAPL,188.65,189.99,188.0,188.85,186.81,45155200
2024-02-08,AAPL,189.39,189.54,187.35,188.32,186.05,40962000
2024-02-07,AAPL,190.64,191.05,188.61,189.41,187.13,53439000
2024-02-06,AAPL,186.86,189.31,186.77,189.3,187.02,43490800
2024-02-05,AAPL,188.15,189.25,185.84,187.68,185.42,69668800
2024-02-02,AAPL,179.86,187.33,179.25,185.85,183.61,102551700
2024-02-01,AAPL,183.99,186.95,183.82,186.86,184.61,64885400
2024-01-31,AAPL,187.04,187.1,184.35,184.4,182.18,55467800
2024-01-30,AAPL,190.94,191.8,187.47,188.04,185.78,55859400
2024-01-29,AAPL,192.01,192.2,189.58,191.73,189.42,47145600
2024-01-26,AAPL,194.27,194.76,191.94,192.42,190.1,44594000
2024-01-25,AAPL,195.22,196.27,193.11,194.17,191.83,54822100
2024-01-24,AAPL,195.42,196.38,194.34,194.5,192.16,53631300
2024-01-23,AAPL,195.02,195.75,193.83,195.18,192.83,42355600
2024-01-22,AAPL,192.3,195.33,192.26,193.89,191.55,60133900
2024-01-19,AAPL,189.33,191.95,188.82,191.56,189.25,68903000
2024-01-18,AAPL,186.09,189.14,185.83,188.63,186.36,78005800
2024-01-17,AAPL,181.27,182.93,180.3,182.68,180.48,47317400
2024-01-16,AAPL,182.16,184.26,180.93,183.63,181.42,65603000
2024-01-12,AAPL,186.06,186.74,185.19,185.92,183.68,40477800
2024-01-11,AAPL,186.54,187.05,183.62,185.59,183.35,49128400
2024-01-10,AAPL,184.35,186.4,183.92,186.19,183.95,46792900
2024-01-09,AAPL,183.92,185.15,182.73,185.14,182.91,42841800
2024-01-08,AAPL,182.09,185.6,181.5,185.56,183.32,59144500
2024-01-05,AAPL,181.99,182.76,180.17,181.18,179.0,62379700
2024-01-04,AAPL,182.15,183.09,180.88,181.91,179.72,71983600
2024-01-03,AAPL,184.22,185.88,183.43,184.25,182.03,58414500
2024-01-02,AAPL,187.15,188.44,183.89,185.64,183.4,82488700
