日期,股票代碼,開盤價,最高價,最低價,收盤價,調整後收盤價,成交量
2026-09-03,QQQ,710.85,718.91,709.69,717.67,717.67,29342845
2026-09-02,QQQ,707.11,709.8,705.11,709.24,709.24,23119119
2026-09-01,QQQ,707.43,712.3,704.66,707.64,707.64,34409539
2026-08-31,QQQ,715.12,717.58,713.16,716.76,716.76,31883751
2026-08-28,QQQ,719.75,724.12,715.09,716.43,716.43,33891826
2026-08-27,QQQ,716.98,721.35,714.53,721.11,721.11,28443051
2026-08-26,QQQ,708.41,713.02,707.97,711.37,711.37,20392400
2026-08-25,QQQ,711.27,714.04,707.45,710.72,710.72,23450911
2026-08-24,QQQ,709.66,709.79,702.7,706.32,706.32,37443100
2026-08-21,QQQ,715.23,715.67,709.21,713.44,713.44,33084596
2026-08-20,QQQ,712.09,714.94,708.52,710.93,710.93,33396400
2026-08-19,QQQ,720.39,721.5,712.61,716.08,716.08,35801700
2026-08-18,QQQ,720.21,722.13,715.92,717.51,717.51,48997200
2026-08-17,QQQ,732.95,734.58,729.27,729.87,729.87,26452600
2026-08-14,QQQ,733.41,734.39,728.32,731.07,731.07,23790600
2026-08-13,QQQ,725.15,733.96,724.03,732.07,732.07,31599700
2026-08-12,QQQ,727.08,727.25,722.92,723.7,723.7,29066000
2026-08-11,QQQ,723.29,723.35,715.5,718.45,718.45,29286100
2026-08-10,QQQ,722.39,724.67,720.33,720.87,720.87,26243200
2026-08-07,QQQ,720.15,723.63,716.51,723.03,723.03,31070400
2026-08-06,QQQ,710.82,719.32,708.5,714.65,714.65,33035900
2026-08-05,QQQ,726.25,728.54,716.92,717.3,717.3,33540200
2026-08-04,QQQ,708.16,725.66,707.53,723.85,723.85,59778600
2026-08-03,QQQ,688.3,701.59,685.82,700.07,700.07,44965100
2026-07-31,QQQ,692.11,695.77,680.05,687.99,687.99,50540500
2026-07-30,QQQ,674.76,685.12,673.3,683.55,683.55,66753700
2026-07-29,QQQ,675.51,680.05,661.14,661.73,661.73,57233300
2026-07-28,QQQ,676.23,679.4,667.88,675.49,675.49,51398700
2026-07-27,QQQ,691.68,692.3,675.95,682.12,682.12,42681500
2026-07-24,QQQ,690.41,692.63,682.48,684.23,684.23,42876700
2026-07-23,QQQ,694.67,698.66,687.79,691.96,691.96,44028600
2026-07-22,QQQ,703.62,709.65,703.62,705.35,705.35,23692200
2026-07-21,QQQ,706.57,710.05,702.8,708.97,708.97,33728300
2026-07-20,QQQ,702.16,705.8,695.51,696.06,696.06,29687600
2026-07-17,QQQ,691.65,702.3,686.76,695.33,695.33,54109300
2026-07-16,QQQ,712.01,713.6,702.61,705.94,705.94,39402000
2026-07-15,QQQ,723.85,724.36,710.23,717.74,717.74,32627600
2026-07-14,QQQ,720.22,722.29,714.34,719.69,719.69,29448100
2026-07-13,QQQ,717.72,718.74,710.08,711.74,711.74,36552400
2026-07-10,QQQ,720.7,726.39,717.0,725.51,725.51,26415900
2026-07-09,QQQ,718.33,724.23,715.13,723.28,723.28,33654700
2026-07-08,QQQ,704.95,712.26,700.91,711.44,711.44,35603200
2026-07-07,QQQ,714.17,716.35,704.9,709.43,709.43,42483100
2026-07-06,QQQ,719.93,726.08,718.45,722.82,722.82,30220400
2026-07-02,QQQ,725.58,730.83,707.56,712.6,712.6,50959800
2026-07-01,QQQ,729.19,731.92,724.6,725.17,725.17,40803800
2026-06-30,QQQ,724.18,737.62,723.91,736.4,736.4,42121800
2026-06-29,QQQ,713.99,724.58,705.17,724.08,724.08,44939100
2026-06-26,QQQ,707.13,715.56,702.81,706.52,706.52,47081800
2026-06-25,QQQ,725.9,726.83,705.3,716.38,716.38,49668000
2026-06-24,QQQ,715.37,719.93,704.45,710.62,710.62,52480400
2026-06-23,QQQ,715.74,723.61,712.11,713.65,713.65,53354200
2026-06-22,QQQ,742.02,745.45,734.39,737.95,737.95,43518600
2026-06-18,QQQ,737.2,741.82,732.51,740.62,739.81,50154600
2026-06-17,QQQ,735.19,735.68,720.85,722.51,721.72,51669300
2026-06-16,QQQ,742.25,744.22,729.64,729.86,729.06,45348700
2026-06-15,QQQ,738.1,744.76,737.38,744.0,743.18,46710200
2026-06-12,QQQ,717.61,724.01,711.28,721.34,720.55,51168400
2026-06-11,QQQ,699.29,718.37,695.0,717.12,716.33,71798900
2026-06-10,QQQ,701.66,711.28,692.93,693.69,692.93,65334300
2026-06-09,QQQ,722.98,725.66,686.37,707.83,707.05,91932200
2026-06-08,QQQ,717.81,723.03,713.07,716.07,715.28,47401500
2026-06-05,QQQ,730.06,731.69,704.32,705.06,704.29,99606600
2026-06-04,QQQ,735.48,743.5,732.62,740.61,739.8,40782600
2026-06-03,QQQ,747.31,748.65,741.01,744.21,743.39,40270200
2026-06-02,QQQ,742.4,746.44,739.23,746.16,745.34,30085200
2026-06-01,QQQ,737.04,745.65,735.99,742.74,741.92,33890600
2026-05-29,QQQ,737.84,741.63,735.25,738.31,737.5,37541700
2026-05-28,QQQ,729.73,736.6,726.41,735.6,734.79,32840000
2026-05-27,QQQ,732.96,733.32,725.44,729.45,728.65,35148700
2026-05-26,QQQ,725.96,731.17,724.16,730.28,729.48,34254700
2026-05-22,QQQ,718.07,722.12,715.95,717.54,716.75,33118600
2026-05-21,QQQ,708.99,717.12,706.77,714.51,713.73,36415400
2026-05-20,QQQ,705.29,713.15,703.79,713.15,712.37,36779200
2026-05-19,QQQ,699.81,706.49,695.25,701.53,700.76,46827500
2026-05-18,QQQ,711.54,712.07,698.85,705.88,705.11,49834500
2026-05-15,QQQ,710.14,715.13,705.55,708.93,708.15,51792700
2026-05-14,QQQ,714.62,722.03,714.22,719.79,719.0,33327500
2026-05-13,QQQ,709.96,716.65,704.83,714.71,713.93,40012500
2026-05-12,QQQ,708.22,710.18,696.64,707.24,706.46,45873000
2026-05-11,QQQ,710.36,714.59,708.91,713.29,712.51,36019100
2026-05-08,QQQ,699.92,711.23,699.5,711.23,710.45,44320400
2026-05-07,QQQ,696.58,701.24,691.77,694.94,694.18,43779100
2026-05-06,QQQ,687.78,695.93,686.48,695.77,695.01,38778500
2026-05-05,QQQ,677.96,682.77,677.51,681.61,680.86,37101100
2026-05-04,QQQ,674.66,676.73,668.9,672.88,672.14,34542000
2026-05-01,QQQ,669.16,675.97,668.8,674.15,673.41,39172600
2026-04-30,QQQ,665.35,668.9,657.56,667.74,667.01,40622200
2026-04-29,QQQ,658.63,661.72,656.59,661.57,660.84,31724900
2026-04-28,QQQ,657.41,659.64,653.81,657.55,656.83,34147900
2026-04-27,QQQ,663.4,664.43,660.69,664.23,663.5,32717000
2026-04-24,QQQ,658.51,664.51,656.53,663.88,663.15,45563100
2026-04-23,QQQ,653.55,656.92,645.52,651.42,650.7,40099800
2026-04-22,QQQ,650.15,655.33,648.52,655.11,654.39,37368400
2026-04-21,QQQ,648.41,650.2,642.21,644.33,643.62,39580500
2026-04-20,QQQ,648.04,648.76,642.52,646.79,646.08,37138500
2026-04-17,QQQ,645.59,650.0,644.07,648.85,648.14,53488900
2026-04-16,QQQ,639.21,642.18,635.26,640.47,639.77,42320600
2026-04-15,QQQ,629.08,637.83,628.2,637.4,636.7,50102400
2026-04-14,QQQ,620.22,628.6,620.1,628.6,627.91,49921100
2026-04-13,QQQ,609.48,626.74,608.11,617.39,616.71,32972100
2026-04-10,QQQ,611.84,613.67,609.58,611.07,610.4,34038500
2026-04-09,QQQ,605.93,610.5,603.03,610.19,609.52,37837500
2026-04-08,QQQ,608.71,609.9,602.12,606.09,605.42,63086000
2026-04-07,QQQ,585.64,588.98,578.4,588.59,587.94,49948200
2026-04-06,QQQ,586.23,590.61,584.69,588.5,587.85,35108500
2026-04-02,QQQ,573.97,586.05,571.92,584.98,584.34,50941700
2026-04-01,QQQ,581.48,587.74,580.42,584.31,583.67,79435100
2026-03-31,QQQ,564.29,578.64,564.21,577.18,576.55,95878000
2026-03-30,QQQ,567.38,568.05,555.6,558.28,557.67,70602600
2026-03-27,QQQ,570.81,571.02,561.57,562.58,561.96,82702200
2026-03-26,QQQ,582.6,584.63,573.43,573.79,573.16,81492100
2026-03-25,QQQ,589.14,591.37,585.69,587.82,587.17,60475500
2026-03-24,QQQ,584.81,587.93,581.93,583.98,583.34,57750900
2026-03-23,QQQ,590.52,595.08,585.96,588.0,587.35,89936100
2026-03-20,QQQ,591.06,591.17,578.54,582.06,580.69,91964700
2026-03-19,QQQ,589.51,595.8,587.08,593.02,591.62,75597600
2026-03-18,QQQ,601.49,603.16,594.56,594.9,593.5,56128000
2026-03-17,QQQ,603.14,605.9,601.87,603.31,601.89,47106600
2026-03-16,QQQ,600.04,603.86,599.11,600.38,598.97,49077200
2026-03-13,QQQ,599.73,603.6,592.57,593.72,592.32,63145500
2026-03-12,QQQ,602.76,604.14,597.05,597.26,595.85,71836600
2026-03-11,QQQ,608.95,612.43,605.03,607.69,606.26,60114800
2026-03-10,QQQ,607.78,613.29,605.42,607.77,606.34,64078900
2026-03-09,QQQ,594.23,609.27,591.33,607.76,606.33,93068200
2026-03-06,QQQ,600.31,606.0,598.33,599.75,598.34,86302300
2026-03-05,QQQ,607.4,612.76,602.26,608.91,607.48,89602400
2026-03-04,QQQ,604.16,612.88,603.43,610.75,609.31,70943900
2026-03-03,QQQ,596.33,603.96,591.87,601.58,600.16,97015500
2026-03-02,QQQ,598.86,609.92,597.99,608.09,606.66,75264600
2026-02-27,QQQ,602.98,608.32,602.19,607.29,605.86,68125200
2026-02-26,QQQ,615.59,615.59,603.98,609.24,607.8,96178900
2026-02-25,QQQ,611.07,616.83,611.0,616.68,615.23,55710700
2026-02-24,QQQ,602.4,608.99,599.73,607.87,606.44,55023700
2026-02-23,QQQ,606.61,608.01,599.05,601.41,599.99,63859100
2026-02-20,QQQ,600.12,610.35,599.23,608.81,607.38,74127300
2026-02-19,QQQ,602.81,605.82,600.75,603.47,602.05,60960800
2026-02-18,QQQ,602.11,609.77,600.72,605.79,604.36,64250700
2026-02-17,QQQ,598.38,603.95,593.34,601.3,599.88,69013800
2026-02-13,QQQ,600.43,606.48,596.42,601.92,600.5,69237500
2026-02-12,QQQ,614.71,615.81,599.57,600.64,599.23,81378900
2026-02-11,QQQ,616.38,617.52,607.69,613.11,611.67,58575100
2026-02-10,QQQ,615.31,617.02,611.01,611.47,610.03,53938900
2026-02-09,QQQ,607.54,616.46,605.07,614.32,612.87,56797600
2026-02-06,QQQ,600.19,611.41,598.77,609.65,608.21,78019300
2026-02-05,QQQ,600.21,604.81,594.76,597.03,595.62,89354500
2026-02-04,QQQ,615.02,615.1,600.47,605.75,604.32,81850700
2026-02-03,QQQ,628.3,629.98,610.96,616.52,615.07,81234000
2026-02-02,QQQ,618.7,628.49,618.66,626.14,624.67,49020300
2026-01-30,QQQ,625.71,628.26,619.3,621.87,620.41,65650700
2026-01-29,QQQ,632.65,633.67,618.27,629.43,627.95,79944000
2026-01-28,QQQ,635.46,636.6,631.81,633.22,631.73,50691700
2026-01-27,QQQ,628.91,632.04,627.34,631.13,629.64,38997200
2026-01-26,QQQ,623.21,627.61,622.12,625.46,623.99,35983000
2026-01-23,QQQ,619.73,625.4,618.65,622.72,621.25,43645800
2026-01-22,QQQ,622.35,622.46,617.78,620.76,619.3,42254800
2026-01-21,QQQ,609.47,620.42,607.86,616.28,614.83,79837900
2026-01-20,QQQ,610.53,615.06,607.05,608.06,606.63,81988900
2026-01-16,QQQ,625.5,626.08,618.88,621.26,619.8,61058100
2026-01-15,QQQ,626.6,630.0,620.75,621.78,620.32,53934900
2026-01-14,QQQ,622.24,623.45,614.56,619.55,618.09,72598700
2026-01-13,QQQ,627.27,629.47,623.7,626.24,624.76,44481400
2026-01-12,QQQ,622.31,628.85,622.26,627.17,625.69,37388700
2026-01-09,QQQ,621.41,627.89,619.06,626.65,625.17,49688700
2026-01-08,QQQ,623.03,623.42,617.8,620.47,619.01,50435900
2026-01-07,QQQ,623.04,627.94,622.56,624.02,622.55,44880300
2026-01-06,QQQ,619.23,624.02,618.54,623.42,621.95,43137500
2026-01-05,QQQ,619.32,620.81,616.72,617.99,616.53,46828400
2026-01-02,QQQ,620.06,622.85,610.15,613.12,611.68,61859200
2025-12-31,QQQ,619.65,619.96,614.05,614.31,612.86,40746500
2025-12-30,QQQ,619.84,622.18,619.22,619.43,617.97,31226800
2025-12-29,QQQ,620.1,622.78,618.73,620.87,619.41,32458300
2025-12-26,QQQ,624.66,625.52,623.14,623.89,622.42,28959800
2025-12-24,QQQ,621.99,624.28,621.72,623.93,622.46,18468700
2025-12-23,QQQ,618.2,622.41,617.78,622.11,620.64,41120400
2025-12-22,QQQ,621.35,621.65,617.77,619.21,617.75,43703100
2025-12-19,QQQ,611.95,617.62,611.87,617.05,614.8,60369800
2025-12-18,QQQ,609.8,612.93,606.92,609.11,606.89,78875800
2025-12-17,QQQ,613.06,613.65,600.28,600.41,598.22,70654300
2025-12-16,QQQ,608.26,613.51,606.91,611.75,609.52,55152800
2025-12-15,QQQ,618.37,618.42,609.32,610.54,608.32,49538200
2025-12-12,QQQ,622.08,623.54,611.36,613.62,611.39,75158700
2025-12-11,QQQ,623.82,625.78,617.72,625.58,623.3,58272800
2025-12-10,QQQ,623.85,629.21,620.99,627.61,625.33,55031400
2025-12-09,QQQ,623.01,625.87,621.0,625.05,622.78,37156000
2025-12-08,QQQ,627.21,628.84,621.69,624.28,622.01,43462400
2025-12-05,QQQ,624.38,628.92,623.71,625.48,623.2,53614200
2025-12-04,QQQ,624.93,624.94,619.54,622.94,620.67,47067800
2025-12-03,QQQ,619.62,624.22,618.03,623.52,621.25,47841600
2025-12-02,QQQ,619.46,623.75,617.59,622.0,619.74,54541800
2025-12-01,QQQ,613.63,619.44,612.52,617.17,614.92,40957600
2025-11-28,QQQ,616.11,619.32,615.42,619.25,617.0,23034400
2025-11-26,QQQ,612.51,616.19,610.39,614.27,612.03,42393600
2025-11-25,QQQ,603.51,610.26,597.32,608.89,606.67,57560900
2025-11-24,QQQ,595.28,606.68,595.16,605.16,602.96,60168100
2025-11-21,QQQ,587.47,596.98,580.74,590.07,587.92,103344200
2025-11-20,QQQ,611.62,614.03,584.75,585.67,583.54,117743200
2025-11-19,QQQ,597.07,606.16,594.59,599.87,597.69,73111500
2025-11-18,QQQ,599.62,602.31,591.34,596.31,594.14,83327300
2025-11-17,QQQ,606.3,612.48,599.87,603.66,601.46,63850400
2025-11-14,QQQ,599.55,613.35,597.17,608.86,606.64,80087300
2025-11-13,QQQ,617.54,618.12,606.08,608.4,606.19,71333600
2025-11-12,QQQ,624.84,624.86,617.81,621.08,618.82,47444400
2025-11-11,QQQ,620.57,622.72,617.52,621.57,619.31,44868800
2025-11-10,QQQ,618.92,624.31,616.89,623.23,620.96,55919900
2025-11-07,QQQ,608.31,609.95,598.67,609.74,607.52,81835400
2025-11-06,QQQ,621.79,622.04,610.3,611.67,609.44,72115100
2025-11-05,QQQ,618.49,626.6,617.21,623.28,621.01,48688500
2025-11-04,QQQ,623.28,626.95,618.46,619.25,617.0,63830800
2025-11-03,QQQ,635.11,635.82,629.85,632.08,629.78,37154300
2025-10-31,QQQ,634.17,634.2,626.69,629.07,626.78,66305100
2025-10-30,QQQ,632.17,633.5,625.94,626.05,623.77,61628600
2025-10-29,QQQ,635.59,637.01,630.25,635.77,633.46,67422800
2025-10-28,QQQ,630.36,634.68,629.25,632.92,630.62,61195700
2025-10-27,QQQ,624.52,628.55,624.03,628.09,625.8,54098600
2025-10-24,QQQ,615.99,618.42,615.13,617.1,614.85,47632500
2025-10-23,QQQ,604.91,611.37,604.52,610.58,608.36,42844300
2025-10-22,QQQ,610.82,611.41,599.74,605.49,603.29,61478800
2025-10-21,QQQ,611.64,612.72,609.32,611.38,609.15,44538200
2025-10-20,QQQ,607.14,612.8,607.07,611.54,609.31,45761700
2025-10-17,QQQ,597.95,605.51,596.37,603.93,601.73,72024900
2025-10-16,QQQ,605.11,608.31,595.5,599.99,597.81,70982000
2025-10-15,QQQ,604.01,606.7,595.93,602.22,600.03,62805500
2025-10-14,QQQ,595.31,602.69,590.13,598.0,595.82,69203200
2025-10-13,QQQ,599.68,602.95,597.23,602.01,599.82,65872600
2025-10-10,QQQ,611.4,613.18,589.05,589.5,587.35,97614800
2025-10-09,QQQ,611.48,611.61,607.48,610.7,608.48,45551000
2025-10-08,QQQ,605.41,611.75,605.26,611.44,609.21,50629800
2025-10-07,QQQ,609.02,609.71,603.03,604.51,602.31,58209500
2025-10-06,QQQ,608.45,609.36,605.97,607.71,605.5,41962100
2025-10-03,QQQ,606.51,607.33,601.39,603.18,600.98,46482100
2025-10-02,QQQ,607.06,607.16,602.93,605.73,603.53,43765400
2025-10-01,QQQ,597.17,603.79,596.34,603.25,601.05,46899600
2025-09-30,QQQ,598.43,600.71,596.1,600.37,598.19,46533800
2025-09-29,QQQ,599.11,602.05,597.41,598.73,596.55,48332900
2025-09-26,QQQ,594.35,596.3,591.06,595.97,593.8,54337400
2025-09-25,QQQ,592.2,595.12,588.5,593.53,591.37,70920200
2025-09-24,QQQ,599.58,599.9,593.36,596.1,593.93,49850300
2025-09-23,QQQ,602.37,602.57,596.98,598.2,596.02,64635500
2025-09-22,QQQ,597.74,602.87,597.72,602.2,600.01,57154800
2025-09-19,QQQ,597.33,600.05,595.85,599.35,596.48,58196100
2025-09-18,QQQ,594.91,598.14,592.96,595.32,592.47,61069300
2025-09-17,QQQ,591.1,591.75,584.37,590.0,587.17,69384800
2025-09-16,QQQ,592.61,592.86,590.49,591.18,588.35,36942100
2025-09-15,QQQ,588.44,591.79,588.29,591.68,588.84,44360300
2025-09-12,QQQ,585.04,587.86,584.1,586.66,583.85,50745900
2025-09-11,QQQ,583.24,584.88,581.62,584.08,581.28,44745800
2025-09-10,QQQ,583.74,583.77,578.55,580.7,577.92,49308000
2025-09-09,QQQ,579.67,580.94,577.04,580.51,577.73,44007600
2025-09-08,QQQ,578.37,580.84,577.77,578.87,576.1,46371400
2025-09-05,QQQ,580.49,581.12,571.53,576.06,573.3,68342500
2025-09-04,QQQ,570.74,575.6,569.03,575.23,572.47,47526300
2025-09-03,QQQ,569.23,571.7,566.73,570.07,567.34,54230200
2025-09-02,QQQ,561.31,565.97,559.54,565.62,562.91,65876800
2025-08-29,QQQ,574.66,575.03,568.54,570.4,567.67,56030400
2025-08-28,QQQ,574.11,578.0,572.46,577.08,574.31,46787900
2025-08-27,QQQ,571.59,574.41,570.37,573.49,570.74,36927100
2025-08-26,QQQ,569.83,572.92,568.8,572.61,569.87,34103000
2025-08-25,QQQ,570.4,573.29,569.16,570.32,567.59,34044700
2025-08-22,QQQ,564.67,573.99,563.27,571.97,569.23,51502100
2025-08-21,QQQ,564.35,566.49,560.98,563.28,560.58,46436900
2025-08-20,QQQ,568.33,568.45,558.84,565.9,563.19,76781100
2025-08-19,QQQ,576.39,576.56,568.25,569.28,566.55,53752600
2025-08-18,QQQ,576.44,577.77,575.24,577.11,574.34,29831000
2025-08-15,QQQ,579.8,579.84,575.57,577.34,574.57,49480200
2025-08-14,QQQ,578.28,581.88,577.91,579.89,577.11,45425000
2025-08-13,QQQ,582.76,583.32,578.94,580.34,577.56,41209300
2025-08-12,QQQ,575.16,580.35,572.49,580.05,577.27,42143300
2025-08-11,QQQ,574.69,576.8,571.57,572.85,570.1,33112900
2025-08-08,QQQ,570.45,574.77,570.15,574.55,571.8,35255500
2025-08-07,QQQ,571.67,573.32,565.11,569.24,566.51,44463000
2025-08-06,QQQ,561.11,567.76,560.63,567.32,564.6,41823700
2025-08-05,QQQ,565.39,566.56,559.73,560.27,557.58,48666600
2025-08-04,QQQ,559.05,564.32,558.95,564.1,561.4,47669800
2025-08-01,QQQ,558.83,559.02,551.68,553.88,551.23,69400800
2025-07-31,QQQ,574.54,574.63,563.87,565.01,562.3,64613600
2025-07-30,QQQ,568.18,570.62,565.05,568.02,565.3,43433800
2025-07-29,QQQ,570.76,572.11,566.53,567.26,564.54,45463300
2025-07-28,QQQ,567.74,569.04,566.87,568.14,565.42,31498700
2025-07-25,QQQ,564.93,567.7,564.27,566.37,563.66,30630800
2025-07-24,QQQ,565.13,566.24,563.29,565.01,562.3,42275500
2025-07-23,QQQ,562.34,563.85,559.58,563.81,561.11,40215300
2025-07-22,QQQ,564.3,564.35,558.61,561.25,558.56,43270600
2025-07-21,QQQ,562.09,566.06,562.06,564.17,561.47,39595200
2025-07-18,QQQ,563.12,564.73,559.98,561.26,558.57,50484700
2025-07-17,QQQ,558.02,562.31,557.21,561.8,559.11,40423800
2025-07-16,QQQ,557.28,560.21,551.56,557.29,554.62,52314700
2025-07-15,QQQ,560.25,560.8,556.66,556.72,554.05,43277700
2025-07-14,QQQ,553.99,556.95,551.63,556.21,553.54,36453300
2025-07-11,QQQ,553.3,555.79,552.05,554.2,551.54,39618600
2025-07-10,QQQ,556.89,557.3,552.75,555.45,552.79,34710900
2025-07-09,QQQ,554.48,557.63,553.1,556.25,553.58,43045500
2025-07-08,QQQ,553.38,554.01,551.1,552.34,549.69,36153300
2025-07-07,QQQ,553.52,554.34,549.58,552.03,549.38,45349300
2025-07-03,QQQ,553.18,557.2,553.18,556.22,553.55,26443500
2025-07-02,QQQ,546.16,551.0,546.12,550.8,548.16,36538300
2025-07-01,QQQ,549.73,550.71,544.66,546.99,544.37,56166700
2025-06-30,QQQ,551.26,552.8,549.01,551.64,549.0,45548700
2025-06-27,QQQ,547.26,549.99,544.54,548.09,545.46,57577100
2025-06-26,QQQ,543.35,546.67,541.52,546.22,543.6,43811400
2025-06-25,QQQ,542.06,543.31,539.38,541.16,538.57,44804200
2025-06-24,QQQ,536.89,540.7,536.27,539.78,537.19,45442000
2025-06-23,QQQ,526.81,532.17,523.65,531.65,529.1,50666100
2025-06-20,QQQ,532.26,533.56,524.88,526.83,523.72,61643500
2025-06-18,QQQ,530.1,532.55,527.4,528.99,525.86,43983500
2025-06-17,QQQ,531.71,533.33,527.91,529.08,525.95,42180900
2025-06-16,QQQ,530.5,535.37,530.45,534.29,531.13,37622100
2025-06-13,QQQ,527.68,531.87,525.73,526.96,523.85,55814400
2025-06-12,QQQ,531.09,534.64,530.84,533.66,530.51,34104900
2025-06-11,QQQ,535.62,536.78,530.11,532.41,529.26,53701000
2025-06-10,QQQ,531.17,534.9,528.89,534.21,531.05,40664800
2025-06-09,QQQ,530.14,532.35,529.01,530.7,527.56,33688700
2025-06-06,QQQ,530.0,531.8,528.21,529.92,526.79,42467000
2025-06-05,QQQ,530.18,533.05,522.66,524.79,521.69,61031200
2025-06-04,QQQ,528.01,529.84,525.97,528.77,525.65,41359300
2025-06-03,QQQ,523.56,528.74,522.69,527.3,524.18,44070300
2025-06-02,QQQ,517.24,523.45,515.97,523.21,520.12,44762800
2025-05-30,QQQ,519.44,520.68,511.93,519.11,516.04,67662800
2025-05-29,QQQ,526.33,526.48,517.32,519.93,516.86,58513300
2025-05-28,QQQ,522.18,523.68,518.39,518.91,515.84,46637200
2025-05-27,QQQ,516.15,521.71,514.59,521.22,518.14,47226300
2025-05-23,QQQ,506.18,511.84,505.58,509.24,506.23,58368100
2025-05-22,QQQ,513.66,517.71,512.3,514.0,510.96,55607200
2025-05-21,QQQ,516.27,523.0,511.24,513.04,510.01,71292800
2025-05-20,QQQ,519.47,520.93,516.66,520.27,517.2,42517600
2025-05-19,QQQ,514.24,522.53,514.24,522.01,518.93,52536200
2025-05-16,QQQ,520.66,521.7,517.1,521.51,518.43,48394600
2025-05-15,QQQ,516.52,521.93,515.17,519.25,516.18,50153300
2025-05-14,QQQ,516.77,519.23,515.75,518.68,515.61,47014500
2025-05-13,QQQ,509.16,517.39,508.42,515.59,512.54,53269600
2025-05-12,QQQ,506.99,507.89,501.48,507.85,504.85,45090600
2025-05-09,QQQ,490.21,491.54,486.2,487.97,485.09,27767400
2025-05-08,QQQ,488.53,492.7,484.17,488.29,485.4,39577600
2025-05-07,QQQ,482.08,485.8,476.78,483.3,480.44,38006300
2025-05-06,QQQ,479.56,485.05,478.19,481.41,478.57,32786300
2025-05-05,QQQ,484.6,489.03,484.1,485.93,483.06,28309500
2025-05-02,QQQ,486.54,490.91,484.83,488.83,485.94,39218100
2025-05-01,QQQ,483.41,487.18,480.74,481.68,478.83,43316500
2025-04-30,QQQ,467.13,477.2,462.43,475.47,472.66,46810600
2025-04-29,QQQ,470.17,476.42,469.59,475.53,472.72,30613100
2025-04-28,QQQ,473.03,474.81,466.03,472.41,469.62,33550800
2025-04-25,QQQ,466.97,473.09,465.39,472.56,469.77,38697100
2025-04-24,QQQ,456.48,467.66,455.83,467.35,464.59,45956100
2025-04-23,QQQ,458.17,463.38,452.88,454.56,451.87,55801100
2025-04-22,QQQ,438.82,447.58,437.62,444.48,441.85,52304400
2025-04-21,QQQ,438.23,439.08,427.93,433.11,430.55,44149300
2025-04-17,QQQ,447.17,447.75,441.36,444.1,441.48,44837000
2025-04-16,QQQ,449.03,452.62,437.76,444.18,441.56,48980600
2025-04-15,QQQ,458.54,462.38,456.15,457.99,455.28,35404200
2025-04-14,QQQ,464.46,465.05,452.63,457.48,454.78,43941200
2025-04-11,QQQ,444.65,455.79,441.33,454.4,451.71,52483800
2025-04-10,QQQ,453.56,455.59,432.63,446.18,443.54,108384100
2025-04-09,QQQ,415.57,467.83,415.43,466.0,463.25,142876900
2025-04-08,QQQ,438.16,443.14,409.79,416.06,413.6,101248100
2025-04-07,QQQ,408.66,443.14,402.39,423.69,421.19,161557000
2025-04-04,QQQ,438.14,440.37,422.67,422.67,420.17,117088400
2025-04-03,QQQ,456.44,460.07,450.14,450.66,448.0,70456300
2025-04-02,QQQ,466.12,479.56,465.86,476.15,473.34,49894500
2025-04-01,QQQ,467.3,473.63,464.42,472.7,469.91,41156200
2025-03-31,QQQ,461.92,469.86,457.33,468.92,466.15,53000300
2025-03-28,QQQ,479.81,480.52,468.05,468.94,466.17,46363800
2025-03-27,QQQ,482.41,486.58,480.25,481.62,478.77,33469800
2025-03-26,QQQ,492.3,493.16,482.82,484.38,481.52,34627100
2025-03-25,QQQ,491.39,493.62,490.42,493.46,490.54,26035200
2025-03-24,QQQ,487.74,491.51,484.4,490.66,487.76,34567200
2025-03-21,QQQ,474.08,481.61,472.91,480.84,477.29,42234900
2025-03-20,QQQ,476.88,484.55,476.18,479.26,475.72,36780500
2025-03-19,QQQ,476.81,485.33,474.87,480.89,477.34,40430300
2025-03-18,QQQ,479.41,479.61,472.41,474.54,471.03,39072300
2025-03-17,QQQ,479.61,485.84,477.8,482.77,479.2,41744400
2025-03-14,QQQ,473.73,480.56,473.12,479.66,476.12,43563000
2025-03-13,QQQ,476.25,476.28,466.43,468.34,464.88,46563300
2025-03-12,QQQ,479.16,481.06,471.79,476.92,473.4,46971100
2025-03-11,QQQ,472.35,478.81,467.01,471.6,468.11,68760800
2025-03-10,QQQ,483.45,483.97,468.66,472.73,469.24,76668000
2025-03-07,QQQ,487.16,493.28,480.53,491.79,488.16,54714700
2025-03-06,QQQ,493.69,498.58,486.2,488.2,484.59,57574300
2025-03-05,QQQ,496.2,503.63,491.26,502.01,498.3,46323700
2025-03-04,QQQ,494.18,503.74,487.74,495.55,491.89,67875400
2025-03-03,QQQ,511.52,513.04,493.58,497.05,493.38,44587200
2025-02-28,QQQ,500.13,508.78,496.93,508.17,504.41,47654000
2025-02-27,QQQ,518.13,519.07,500.05,500.27,496.57,52448000
2025-02-26,QQQ,515.53,519.66,511.37,514.56,510.76,34457600
2025-02-25,QQQ,519.24,519.32,509.44,513.32,509.53,48940000
2025-02-24,QQQ,527.88,529.07,519.53,519.87,516.03,39268400
2025-02-21,QQQ,538.38,538.4,525.71,526.08,522.19,47093800
2025-02-20,QQQ,538.73,539.1,532.46,537.23,533.26,26550800
2025-02-19,QQQ,538.57,540.81,536.46,539.52,535.53,19666900
2025-02-18,QQQ,539.73,540.0,536.04,539.37,535.38,20565000
2025-02-14,QQQ,536.01,538.84,535.67,538.15,534.17,17862600
2025-02-13,QQQ,529.98,536.22,529.19,535.9,531.94,28714800
2025-02-12,QQQ,522.3,529.19,521.95,528.3,524.4,25009400
2025-02-11,QQQ,525.96,529.92,525.83,527.99,524.09,19325500
2025-02-10,QQQ,527.22,530.36,526.75,529.25,525.34,20852800
2025-02-07,QQQ,530.14,532.1,522.19,522.92,519.06,29605500
2025-02-06,QQQ,527.36,529.81,525.74,529.6,525.69,19434500
2025-02-05,QQQ,521.82,527.01,520.62,526.85,522.96,21134100
2025-02-04,QQQ,518.63,525.11,518.23,524.47,520.59,26046800
2025-02-03,QQQ,513.47,520.85,511.05,518.11,514.28,40580800
2025-01-31,QQQ,526.92,531.52,521.19,522.29,518.43,38755200
2025-01-30,QQQ,523.71,526.1,518.21,523.05,519.18,27431300
2025-01-29,QQQ,522.46,522.59,516.9,520.83,516.98,26649000
2025-01-28,QQQ,515.22,523.0,511.78,521.81,517.95,33194200
2025-01-27,QQQ,511.0,517.99,510.15,514.21,510.41,60771700
2025-01-24,QQQ,533.02,533.79,528.15,529.63,525.72,19878300
2025-01-23,QQQ,529.04,532.76,528.45,532.64,528.7,23096600
2025-01-22,QQQ,529.57,533.82,529.26,531.51,527.58,33593000
2025-01-21,QQQ,524.48,525.97,520.06,524.8,520.92,23628000
2025-01-17,QQQ,522.85,524.07,513.11,521.74,517.88,51837900
2025-01-16,QQQ,518.98,519.06,512.95,513.08,509.29,28229000
2025-01-15,QQQ,513.03,517.85,511.46,516.7,512.88,34957600
2025-01-14,QQQ,508.74,510.16,501.59,505.08,501.35,33737200
2025-01-13,QQQ,501.2,506.02,499.7,505.56,501.82,31694200
2025-01-10,QQQ,511.48,511.58,503.92,507.19,503.44,40532500
2025-01-08,QQQ,515.08,516.92,510.57,515.27,511.46,30777800
2025-01-07,QQQ,525.59,525.99,513.28,515.18,511.37,36690300
2025-01-06,QQQ,524.02,527.92,522.03,524.54,520.66,36109700
2025-01-03,QQQ,513.35,519.65,512.53,518.58,514.75,29059500
2025-01-02,QQQ,514.3,516.64,505.71,510.23,506.46,36389800
2024-12-31,QQQ,516.9,517.66,510.26,511.23,507.45,29117000
2024-12-30,QQQ,515.51,519.36,511.83,515.61,511.8,34584000
2024-12-27,QQQ,526.01,526.45,517.86,522.56,518.7,33839600
2024-12-26,QQQ,528.32,531.24,526.31,529.6,525.69,19090500
2024-12-24,QQQ,524.83,530.05,524.19,529.96,526.04,17558200
2024-12-23,QQQ,519.55,523.25,516.13,522.87,519.01,29672800
2024-12-20,QQQ,510.44,524.82,509.29,518.66,514.0,60530000
2024-12-19,QQQ,521.19,521.76,513.83,514.17,509.55,46441800
2024-12-18,QQQ,535.15,536.88,515.01,516.47,511.83,54703200
2024-12-17,QQQ,536.36,537.48,534.13,535.8,530.98,28579100
2024-12-16,QQQ,533.08,539.15,533.0,538.17,533.33,31979900
2024-12-13,QQQ,530.46,533.17,527.3,530.53,525.76,28780400
2024-12-12,QQQ,527.68,528.96,526.02,526.5,521.77,23577500
2024-12-11,QQQ,525.0,530.61,524.59,529.92,525.16,32168600
2024-12-10,QQQ,523.62,525.38,519.16,520.6,515.92,24350000
2024-12-09,QQQ,525.55,526.35,521.22,522.38,517.68,20674400
2024-12-06,QQQ,522.48,526.72,522.35,526.48,521.75,23762600
2024-12-05,QQQ,523.31,524.04,521.42,521.81,517.12,18169600
2024-12-04,QQQ,520.32,523.52,519.6,523.26,518.56,26086200
2024-12-03,QQQ,513.95,517.15,513.37,516.87,512.22,18597900
2024-12-02,QQQ,511.01,516.26,510.62,515.29,510.66,25147200
2024-11-29,QQQ,505.93,510.34,505.31,509.74,505.16,15334000
2024-11-27,QQQ,508.17,508.24,501.93,505.3,500.76,24957400
2024-11-26,QQQ,508.08,510.14,507.23,509.31,504.73,26557100
2024-11-25,QQQ,509.9,511.45,504.26,506.59,502.04,26375200
2024-11-22,QQQ,504.42,506.53,502.78,505.79,501.24,23826600
2024-11-21,QQQ,506.24,506.96,497.56,504.98,500.44,34526700
2024-11-20,QQQ,503.16,503.48,496.56,503.17,498.65,29565500
2024-11-19,QQQ,497.42,503.95,497.08,503.46,498.93,24523000
2024-11-18,QQQ,498.13,502.14,496.73,500.02,495.53,27080800
2024-11-15,QQQ,502.94,503.33,494.49,496.57,492.11,51461100
2024-11-14,QQQ,511.91,512.79,507.77,508.69,504.12,28679500
2024-11-13,QQQ,512.4,514.98,509.95,512.25,507.65,24567400
2024-11-12,QQQ,513.77,514.66,509.83,512.91,508.3,25835300
2024-11-11,QQQ,515.37,515.58,510.92,513.84,509.22,24167500
2024-11-08,QQQ,513.04,514.92,512.41,514.14,509.52,22924500
2024-11-07,QQQ,508.4,514.33,508.34,513.54,508.92,32853100
2024-11-06,QQQ,500.56,506.41,499.6,505.58,501.04,43082200
2024-11-05,QQQ,487.61,492.88,487.52,492.21,487.79,24353600
2024-11-04,QQQ,486.82,489.38,484.25,486.01,481.64,23291600
2024-11-01,QQQ,485.5,490.75,485.2,487.43,483.05,33655800
2024-10-31,QQQ,492.38,492.43,483.75,483.85,479.5,41245200
2024-10-30,QQQ,499.39,500.35,495.89,496.38,491.92,29756000
2024-10-29,QQQ,495.72,501.35,493.85,500.16,495.66,28014100
2024-10-28,QQQ,498.46,498.52,495.1,495.4,490.95,20477800
2024-10-25,QQQ,495.14,500.28,494.43,495.32,490.87,38762100
2024-10-24,QQQ,492.11,493.0,489.44,492.32,487.9,22024900
2024-10-23,QQQ,493.59,494.25,485.05,488.36,483.97,39346600
2024-10-22,QQQ,492.73,497.45,491.97,495.96,491.5,26685800
2024-10-21,QQQ,493.25,496.23,491.31,495.42,490.97,30336500
2024-10-18,QQQ,494.06,495.57,493.3,494.47,490.03,25335000
2024-10-17,QQQ,496.44,496.49,491.19,491.25,486.83,27210700
2024-10-16,QQQ,491.18,491.69,487.57,490.91,486.5,22996800
2024-10-15,QQQ,497.83,498.5,488.68,490.85,486.44,34784500
2024-10-14,QQQ,495.77,498.83,495.26,497.5,493.03,26060100
2024-10-11,QQQ,490.74,494.39,490.17,493.36,488.93,20644500
2024-10-10,QQQ,490.85,494.47,489.53,492.59,488.16,25750400
2024-10-09,QQQ,489.0,493.73,487.95,493.15,488.72,24995000
2024-10-08,QQQ,484.66,489.99,483.85,489.3,484.9,28272000
2024-10-07,QQQ,485.39,486.57,480.87,482.1,477.77,24975100
2024-10-04,QQQ,487.45,487.88,482.39,487.32,482.94,30686600
2024-10-03,QQQ,479.74,484.55,478.99,481.59,477.26,25337200
2024-10-02,QQQ,480.36,483.88,477.72,481.95,477.62,23744000
2024-10-01,QQQ,487.7,488.0,477.4,481.27,476.94,42735400
2024-09-30,QQQ,485.78,488.41,482.92,488.07,483.68,30281100
2024-09-27,QQQ,490.5,490.64,485.56,486.75,482.38,22851100
2024-09-26,QQQ,493.37,493.7,485.8,489.47,485.07,32020200
2024-09-25,QQQ,484.74,487.79,484.56,485.82,481.45,26549900
2024-09-24,QQQ,484.46,486.33,480.17,485.37,481.01,25952600
2024-09-23,QQQ,482.95,484.14,481.6,483.04,478.7,24843000
2024-09-20,QQQ,482.49,483.69,478.3,482.44,477.43,34577700
2024-09-19,QQQ,482.61,486.23,480.49,483.36,478.34,52782500
2024-09-18,QQQ,474.7,478.83,470.83,471.44,466.55,39909200
2024-09-17,QQQ,476.29,477.6,470.97,473.49,468.58,30084400
2024-09-16,QQQ,473.19,473.86,469.89,473.24,468.33,22585600
2024-09-13,QQQ,472.48,476.53,472.25,475.34,470.41,29111800
2024-09-12,QQQ,468.65,474.04,466.85,473.22,468.31,40067800
2024-09-11,QQQ,459.91,469.37,451.28,468.62,463.76,57843000
2024-09-10,QQQ,456.24,459.17,452.23,458.66,453.9,29680300
2024-09-09,QQQ,453.06,455.46,449.82,454.46,449.74,32981200
2024-09-06,QQQ,460.33,461.22,448.19,448.69,444.03,50624400
2024-09-05,QQQ,458.97,465.36,457.94,461.04,456.26,34452400
2024-09-04,QQQ,458.67,464.45,457.73,460.61,455.83,32505100
2024-09-03,QQQ,473.2,473.33,459.41,461.81,457.02,44985200
2024-08-30,QQQ,475.04,476.9,470.51,476.27,471.33,33466500
2024-08-29,QQQ,473.28,477.93,469.37,470.66,465.78,41081500
2024-08-28,QQQ,476.29,477.02,467.89,471.35,466.46,37372400
2024-08-27,QQQ,473.69,477.84,471.71,476.76,471.81,27510000
2024-08-26,QQQ,479.45,480.38,473.24,475.34,470.41,27452600
2024-08-23,QQQ,479.24,482.74,475.28,480.0,475.02,36061500
2024-08-22,QQQ,484.84,485.54,473.81,474.85,469.92,37739600
2024-08-21,QQQ,481.05,484.37,479.32,482.5,477.49,25658800
2024-08-20,QQQ,480.35,482.94,478.55,480.26,475.28,29209300
2024-08-19,QQQ,475.17,481.31,473.37,481.27,476.28,23737700
2024-08-16,QQQ,472.62,476.41,471.65,475.03,470.1,38383600
2024-08-15,QQQ,468.76,474.82,468.38,474.42,469.5,38280600
2024-08-14,QQQ,463.51,465.11,458.4,462.73,457.93,34733700
2024-08-13,QQQ,455.82,462.85,455.68,462.58,457.78,40084500
2024-08-12,QQQ,451.39,454.37,448.55,451.38,446.7,27795000
2024-08-09,QQQ,446.74,452.06,445.61,450.41,445.74,33574000
2024-08-08,QQQ,441.06,448.99,437.15,448.07,443.42,47890100
2024-08-07,QQQ,446.49,449.0,434.37,434.77,430.26,54929200
2024-08-06,QQQ,437.23,447.07,434.56,439.53,434.97,63164400
2024-08-05,QQQ,424.71,442.29,423.45,435.37,430.85,87483500
2024-08-02,QQQ,450.89,453.57,444.47,448.75,444.09,66323200
2024-08-01,QQQ,471.76,475.55,455.98,459.66,454.89,56653900
2024-07-31,QQQ,467.87,472.79,466.41,471.07,466.18,44552100
2024-07-30,QQQ,465.85,466.56,454.15,457.53,452.78,41317200
2024-07-29,QQQ,465.71,467.91,461.62,463.9,459.09,28218500
2024-07-26,QQQ,462.65,465.93,459.77,462.97,458.17,39992100
2024-07-25,QQQ,463.72,467.94,455.63,458.27,453.51,59256800
2024-07-24,QQQ,473.82,474.19,462.51,463.38,458.57,58818600
2024-07-23,QQQ,481.41,484.43,480.14,480.62,475.63,23282500
2024-07-22,QQQ,481.16,483.35,477.71,482.32,477.31,40300000
2024-07-19,QQQ,479.15,481.69,473.94,475.24,470.31,42042900
2024-07-18,QQQ,485.53,485.71,476.27,479.49,474.51,49347400
2024-07-17,QQQ,488.28,488.8,481.7,481.77,476.77,56268800
2024-07-16,QQQ,497.62,498.44,493.15,496.34,491.19,25950600
2024-07-15,QQQ,496.61,501.01,494.09,496.15,491.0,31151400
2024-07-12,QQQ,492.51,499.62,492.04,494.82,489.68,37109400
2024-07-11,QQQ,503.07,503.28,490.73,491.93,486.82,49966600
2024-07-10,QQQ,499.71,503.52,498.39,502.96,497.74,28046900
2024-07-09,QQQ,498.87,500.0,496.24,497.77,492.6,25614500
2024-07-08,QQQ,496.53,497.9,495.5,497.34,492.18,22109400
2024-07-05,QQQ,491.89,496.6,491.59,496.16,491.01,28495900
2024-07-03,QQQ,486.22,491.17,486.22,491.04,485.94,18064900
2024-07-02,QQQ,480.41,487.04,480.28,486.98,481.93,26723600
2024-07-01,QQQ,480.04,482.49,476.26,481.92,476.92,24898300
2024-06-28,QQQ,482.41,487.2,478.46,479.11,474.14,34881600
2024-06-27,QQQ,480.12,483.1,479.3,481.61,476.61,26222100
2024-06-26,QQQ,478.55,480.92,478.13,480.37,475.38,22737100
2024-06-25,QQQ,476.07,479.68,475.12,479.38,474.4,29014700
2024-06-24,QQQ,478.18,479.93,473.82,473.96,469.04,37751000
2024-06-21,QQQ,481.19,482.54,478.67,480.18,474.44,37456800
2024-06-20,QQQ,486.42,486.84,479.62,481.47,475.72,33918700
2024-06-18,QQQ,485.01,485.9,483.43,485.21,479.41,24438600
2024-06-17,QQQ,479.46,486.86,478.14,485.06,479.26,37054500
2024-06-14,QQQ,476.52,479.26,476.05,479.19,473.46,23372600
2024-06-13,QQQ,477.72,478.39,474.42,476.72,471.02,25859000
2024-06-12,QQQ,471.99,476.5,471.29,474.15,468.48,34532600
2024-06-11,QQQ,463.54,468.14,462.03,468.02,462.43,22053300
2024-06-10,QQQ,461.82,465.19,461.53,464.83,459.28,20660800
2024-06-07,QQQ,463.0,465.74,461.84,462.96,457.43,25829700
2024-06-06,QQQ,464.22,464.54,462.19,463.37,457.83,21966800
2024-06-05,QQQ,457.98,463.61,454.41,463.53,457.99,33817400
2024-06-04,QQQ,452.87,455.58,451.13,454.37,448.94,23767400
2024-06-03,QQQ,454.57,455.58,447.9,453.13,447.72,32997500
2024-05-31,QQQ,451.78,452.48,443.06,450.71,445.32,55941300
2024-05-30,QQQ,455.5,455.64,450.21,451.55,446.15,30536800
2024-05-29,QQQ,455.48,458.24,455.34,456.44,450.99,29739200
2024-05-28,QQQ,459.18,459.74,456.69,459.68,454.19,26216800
2024-05-24,QQQ,455.29,459.23,453.57,457.95,452.48,29669500
2024-05-23,QQQ,460.55,460.58,451.85,453.66,448.24,40899200
2024-05-22,QQQ,456.06,456.82,453.08,455.71,450.26,25120000
2024-05-21,QQQ,453.04,455.99,452.84,455.8,450.35,23167700
2024-05-20,QQQ,451.98,455.58,451.79,454.91,449.47,24474200
2024-05-17,QQQ,452.11,452.72,449.54,451.76,446.36,35803700
2024-05-16,QQQ,452.71,454.69,451.81,451.98,446.58,34780400
2024-05-15,QQQ,448.43,453.15,446.9,452.9,447.49,41464700
2024-05-14,QQQ,442.65,446.47,442.46,445.93,440.6,34478300
2024-05-13,QQQ,443.99,444.09,441.65,443.08,437.79,22994200
2024-05-10,QQQ,442.54,444.31,440.5,442.06,436.78,27116600
2024-05-09,QQQ,440.33,441.6,438.46,441.02,435.75,24580100
2024-05-08,QQQ,437.67,441.48,437.55,440.06,434.8,24896700
2024-05-07,QQQ,440.7,441.97,439.58,440.32,435.06,30996100
2024-05-06,QQQ,437.3,440.34,436.52,440.25,434.99,30227200
2024-05-03,QQQ,434.44,436.48,432.62,435.48,430.28,48515300
2024-05-02,QQQ,425.3,427.81,420.63,426.9,421.8,36559000
2024-05-01,QQQ,423.15,430.14,420.66,421.52,416.48,52251700
2024-04-30,QQQ,431.15,432.56,424.51,424.59,419.52,43665900
2024-04-29,QQQ,433.13,433.76,429.98,432.75,427.58,30022200
2024-04-26,QQQ,427.62,432.55,426.92,431.0,425.85,41874900
2024-04-25,QQQ,419.24,425.32,418.14,424.45,419.38,57392200
2024-04-24,QQQ,428.2,429.73,424.2,426.51,421.41,48440300
2024-04-23,QQQ,420.77,426.28,418.87,425.07,419.99,44384700
2024-04-22,QQQ,417.31,421.18,413.94,418.82,413.82,47807700
2024-04-19,QQQ,422.22,422.75,413.07,414.65,409.7,75231000
2024-04-18,QQQ,426.49,428.24,422.83,423.41,418.35,46549400
2024-04-17,QQQ,433.1,433.12,424.9,425.84,420.75,56880500
2024-04-16,QQQ,430.9,433.76,429.7,431.1,425.95,47619000
2024-04-15,QQQ,442.06,442.15,430.21,431.06,425.91,63453600
2024-04-12,QQQ,441.1,442.24,436.88,438.27,433.03,53665000
2024-04-11,QQQ,440.26,446.33,437.96,445.37,440.05,45474600
2024-04-10,QQQ,437.0,439.24,436.28,438.37,433.13,61502200
2024-04-09,QQQ,442.96,443.24,437.44,442.23,436.95,39443600
2024-04-08,QQQ,441.41,442.5,439.2,440.6,435.34,28144900
2024-04-05,QQQ,436.78,443.17,435.96,440.47,435.21,54744600
2024-04-04,QQQ,446.33,446.95,435.11,435.34,430.14,57267700
2024-04-03,QQQ,438.96,444.0,438.95,442.1,436.82,39949800
2024-04-02,QQQ,440.08,441.43,438.03,441.11,435.84,44259700
2024-04-01,QQQ,444.97,447.53,443.02,444.95,439.63,38729000
2024-03-28,QQQ,444.78,445.64,443.65,444.01,438.7,36839600
2024-03-27,QQQ,446.44,446.54,441.93,444.83,439.51,41359200
2024-03-26,QQQ,446.3,447.23,443.09,443.32,438.02,34142000
2024-03-25,QQQ,443.55,446.26,442.54,444.76,439.45,27789200
2024-03-22,QQQ,445.35,447.49,444.49,446.38,441.05,28253900
2024-03-21,QQQ,448.88,449.34,445.67,445.87,440.54,39345700
2024-03-20,QQQ,439.78,444.11,438.06,443.77,438.47,43653500
2024-03-19,QQQ,435.45,438.98,433.33,438.57,433.33,43004100
2024-03-18,QQQ,438.73,441.04,437.24,437.48,432.25,47323800
2024-03-15,QQQ,436.07,438.87,432.74,433.92,428.17,73069800
2024-03-14,QQQ,441.5,442.03,436.39,439.14,433.32,52195200
2024-03-13,QQQ,442.65,442.67,439.12,440.25,434.42,37928700
2024-03-12,QQQ,439.73,444.02,436.46,443.66,437.78,55300900
2024-03-11,QQQ,437.51,438.66,435.44,437.39,431.59,45860000
2024-03-08,QQQ,445.81,448.64,438.34,439.02,433.2,72096000
2024-03-07,QQQ,442.42,446.72,440.86,445.45,439.55,44526700
2024-03-06,QQQ,440.32,441.99,436.89,438.79,432.97,46234500
2024-03-05,QQQ,440.94,440.95,433.65,436.05,430.27,57917100
2024-03-04,QQQ,445.61,446.04,443.77,444.02,438.14,34325700
2024-03-01,QQQ,439.9,446.58,439.84,445.61,439.7,43853000
2024-02-29,QQQ,438.23,440.09,435.02,439.0,433.18,42495200
2024-02-28,QQQ,435.43,436.67,434.3,435.27,429.5,32938800
2024-02-27,QQQ,437.67,437.99,435.03,437.6,431.8,33713200
2024-02-26,QQQ,437.6,438.6,436.36,436.55,430.76,33043200
2024-02-23,QQQ,439.65,440.59,435.79,436.78,430.99,39853900
2024-02-22,QQQ,434.49,439.12,433.71,438.07,432.26,53887800
2024-02-21,QQQ,424.55,425.7,421.63,425.61,419.97,49779000
2024-02-20,QQQ,428.55,430.08,423.5,427.32,421.66,53999500
2024-02-16,QQQ,434.89,434.99,429.85,430.57,424.86,53716500
2024-02-15,QQQ,433.92,434.98,431.33,434.51,428.75,38796100
2024-02-14,QQQ,431.26,433.65,428.88,433.22,427.48,45092700
2024-02-13,QQQ,427.28,431.27,425.33,428.55,422.87,64491700
2024-02-12,QQQ,436.94,439.14,434.65,435.34,429.57,33203300
2024-02-09,QQQ,433.94,437.85,433.14,437.05,431.26,36943900
2024-02-08,QQQ,432.11,433.56,431.42,432.79,427.05,29889900
2024-02-07,QQQ,430.41,432.83,429.09,431.99,426.26,37712700
2024-02-06,QQQ,429.61,430.22,425.22,427.59,421.92,35846100
2024-02-05,QQQ,429.07,429.61,425.0,428.45,422.77,39889200
2024-02-02,QQQ,423.8,430.24,422.79,429.01,423.32,59602400
2024-02-01,QQQ,418.79,422.38,417.81,421.88,416.29,51008600
2024-01-31,QQQ,420.85,422.87,416.79,416.97,411.44,64010600
2024-01-30,QQQ,427.1,427.68,424.38,425.3,419.66,36739000
2024-01-29,QQQ,424.27,428.35,423.61,428.15,422.48,38694700
2024-01-26,QQQ,424.44,426.21,423.15,423.81,418.19,37137000
2024-01-25,QQQ,428.36,429.04,423.98,426.35,420.7,44367200
2024-01-24,QQQ,427.44,429.85,425.33,425.83,420.19,46948000
2024-01-23,QQQ,422.43,423.7,420.57,423.48,417.87,33003800
2024-01-22,QQQ,423.41,424.73,421.12,421.73,416.14,44880600
2024-01-19,QQQ,415.22,421.34,414.63,421.18,415.6,70325100
2024-01-18,QQQ,410.52,413.58,409.16,412.99,407.52,59562500
2024-01-17,QQQ,406.17,407.59,402.92,407.21,401.81,54386000
2024-01-16,QQQ,408.31,411.12,406.83,409.52,404.09,43903000
2024-01-12,QQQ,410.4,411.25,408.15,409.56,404.13,39595000
2024-01-11,QQQ,409.79,411.2,404.24,409.35,403.92,54536200
2024-01-10,QQQ,406.07,409.52,405.17,408.5,403.09,33962800
2024-01-09,QQQ,401.91,406.69,401.71,405.75,400.37,39132900
2024-01-08,QQQ,397.99,405.24,397.84,404.95,399.58,42473800
2024-01-05,QQQ,396.45,399.56,395.34,396.75,391.49,44922800
2024-01-04,QQQ,396.44,399.59,396.06,396.28,391.03,39432800
2024-01-03,QQQ,399.93,401.0,397.89,398.33,393.05,47002800
2024-01-02,QQQ,405.84,406.09,400.24,402.59,397.25,58026900
