日期,股票代碼,標題,來源,連結
2026-09-11 23:00:30,2454,輝達35億美元投資聯發科黃仁勳背後盤算- 財經 - 中時新聞網,中時新聞網,https://www.chinatimes.com/realtimenews/20260912000007-260410
2026-09-11 15:56:21,2454,不只Google TPU！聯發科攜輝達攻NVLink Fusion　從一顆晶片做到機櫃級AI - 經濟日報,經濟日報,https://money.udn.com/money/story/5607/9746666
2026-09-11 12:02:00,2454,聯發科8月營收飆641億新高！天璣旗艦將登場股價卻跌，市場是真的不買單？還是在等待機會| 下班經濟學| 財經 - 風傳媒,風傳媒,https://www.storm.mg/article/11163774
2026-09-11 11:50:12,2454,想一次擁有聯發科＋聯電？小資教主點名「這幾檔ETF」：別只看名稱 - 三立新聞,三立新聞,https://inews.setn.com/news/1905608
2026-09-11 11:40:00,2454,想一次擁有聯發科＋聯電？小資教主點名「這幾檔ETF」：別只看名稱 - Yahoo新聞,Yahoo新聞,https://tw.news.yahoo.com/%E6%83%B3-%E6%AC%A1%E6%93%81%E6%9C%89%E8%81%AF%E7%99%BC%E7%A7%91-%E8%81%AF%E9%9B%BB-%E5%B0%8F%E8%B3%87%E6%95%99%E4%B8%BB%E9%BB%9E%E5%90%8D-%E9%80%99%E5%B9%BE%E6%AA%94etf-114000473.html
2026-09-11 11:35:00,2454,一次擁有聯發科＋聯電？她點名這幾檔ETF - 鏡週刊Mirror Media,鏡週刊Mirror Media,https://www.mirrormedia.mg/external/amp/setn_1905608
2026-09-11 10:57:20,2454,AI ASIC 第4季將放量 法人看好聯發科、創意等受惠 | 市場焦點 | 證券 - 經濟日報,經濟日報,https://money.udn.com/money/story/5607/9749242
2026-09-11 09:18:33,2454,2454 聯發科 - 總結一下發哥這週的表現多頭週一出量長紅之後接連休息了四... - 股市爆料同學會 - CMoney,CMoney,https://www.cmoney.tw/forum/article/184555284
2026-09-11 08:57:03,2454,"2454 聯發科 - 9/12,本期週刊股-2文赫- 股市爆料同學會 - CMoney",CMoney,https://www.cmoney.tw/forum/article/184555155
2026-09-11 07:01:45,2454,AI把IC設計業績捧上天！全球十大營收年增73% 聯發科居第五、台廠3家卡位| 財經 - newtalk.tw,newtalk.tw,https://newtalk.tw/news/view/2026-09-11/1059202
2026-09-11 06:45:00,2454,聯發科8月營收641億創新高，首款AI ASIC第4季量產 - pocket.tw,pocket.tw,https://www.pocket.tw/school/report/SCHOOL/7908/
2026-09-11 06:39:04,2454,AI催旺IC設計營收年增73%，聯發科 (2454) 還藏哪個關鍵訊號？-哲翰科技戰情室 - cmnews.com.tw,cmnews.com.tw,https://cmnews.com.tw/article/zhouzhehan-7b651499-adab-11f1-8b18-0854560be880
2026-09-11 06:35:37,2454,營收速報》聯發科8月營收爆發衝破640億 年月雙增創新高 - stock.ltn.com.tw,stock.ltn.com.tw,https://stock.ltn.com.tw/article/kbufslm2u2d6
2026-09-11 02:11:12,2454,聯發科營收報喜股價不賞臉！早盤挫逾2% 分析師示警：逃不出「如來佛手掌心」 - Yahoo股市,Yahoo股市,https://tw.stock.yahoo.com/news/%E8%81%AF%E7%99%BC%E7%A7%91%E7%87%9F%E6%94%B6%E5%A0%B1%E5%96%9C%E8%82%A1%E5%83%B9%E4%B8%8D%E8%B3%9E%E8%87%89%EF%BC%81%E6%97%A9%E7%9B%A4%E6%8C%AB%E9%80%BE2-%E5%88%86%E6%9E%90%E5%B8%AB%E7%A4%BA%E8%AD%A6%EF%BC%9A%E9%80%83%E4%B8%8D%E5%87%BA%E3%80%8C%E5%A6%82%E4%BE%86%E4%BD%9B%E6%89%8B%E6%8E%8C%E5%BF%83%E3%80%8D-020739760.html
2026-09-11 01:40:44,2454,2454 聯發科 - 進場狂搶- 股市爆料同學會 - CMoney,CMoney,https://www.cmoney.tw/forum/article/184529845
2026-09-11 01:21:00,2454,《台北股市》不斷更新！聯發科、台積電 業績與法人買盤雙強 - ww2.money-link.com.tw,ww2.money-link.com.tw,https://ww2.money-link.com.tw/realtimenews/NewsContent.aspx?SN=6299870001&PU=1002
2026-09-11 00:11:11,2454,聯發科8月營收破紀錄！天璣9600將亮相，外資目標價喊上6800元 - abmedia.io,abmedia.io,https://abmedia.io/mediatek-2026-aug-revenue
2026-09-10 21:30:00,2454,營收速報》聯發科8月營收爆發衝破640億 年月雙增創新高 - 自由財經,自由財經,https://ec.ltn.com.tw/article/paper/1770250
2026-09-10 19:31:20,2454,聯發科8月業績月增三成締新猷單月達641億元| 個股情報| 股市 - UDN,UDN,https://udn.com/news/story/7252/9747493
2026-09-10 17:28:45,2454,聯發科8月營收月增32.4% - finance.technews.tw,finance.technews.tw,https://finance.technews.tw/2026/09/10/mtk-2454-202608-financial-report/
2026-09-10 17:10:13,2454,聯發科、世芯 四檔犀利 - UDN,UDN,https://udn.com/news/story/7255/9747122
2026-09-10 17:10:13,2454,聯發科、世芯 四檔犀利 - 經濟日報,經濟日報,https://money.udn.com/money/story/5739/9747122
2026-09-10 12:52:20,2454,2330 台積電 - 新天璣處理器發表前先送大禮，聯發科 8 月營收創單月歷史新紀錄- 股市爆料同學會 - CMoney,CMoney,https://www.cmoney.tw/forum/article/184518629
2026-09-10 11:17:09,2454,2454 聯發科 - 聯發科8月營收641.83億元月增32%、年增44%創下新高- 股市爆料同學會 - CMoney,CMoney,https://www.cmoney.tw/forum/article/184516384
2026-09-10 10:30:28,2454,聯發科8月營收衝歷史新高！左擁Google、右抱輝達 AI ASIC打開第二條成長曲線 - news.wearn.com,news.wearn.com,https://news.wearn.com/c2103717.html
2026-09-10 10:21:19,2454,營收速報 - 聯發科(2454)8月營收641.83億元年增率高達44.08％ - TradingView,TradingView,https://tw.tradingview.com/news/cnyes:d34a69f97acdf:0/
2026-09-10 10:14:13,2454,聯發科8月營收642億元 年增44%飆新高 - news.cnyes.com,news.cnyes.com,https://news.cnyes.com/news/id/6603187
2026-09-10 10:14:13,2454,聯發科8月營收642億元 年增44%飆新高 - tw.stock.yahoo.com,tw.stock.yahoo.com,https://tw.stock.yahoo.com/news/%E8%81%AF%E7%99%BC%E7%A7%918%E6%9C%88%E7%87%9F%E6%94%B6642%E5%84%84%E5%85%83-%E5%B9%B4%E5%A2%9E44-%E9%A3%86%E6%96%B0%E9%AB%98-101413593.html
2026-09-10 10:04:09,2454,旗艦手機晶片出貨潮啟動！AI業務發酵，帶動聯發科8月營收飆破641億-財經焦點情報站 - CMoney投資網誌,CMoney投資網誌,https://cmnews.com.tw/article/forumnews-f78a6233-acfe-11f1-9ba9-756552f21076
2026-09-10 09:41:42,2454,聯發科8月營收創歷史新高 月增32% | NOWNEWS今日新聞 - LINE TODAY,LINE TODAY,https://today.line.me/tw/v3/article/j7RVyja
2026-09-10 09:37:00,2454,聯發科8月營收641.83億元　月增32%、年增44%創下新高 - ETtoday財經雲,ETtoday財經雲,https://finance.ettoday.net/news/3235201
2026-09-10 09:33:33,2454,超乎預期！聯發科8月營收飆新高 - ec.ltn.com.tw,ec.ltn.com.tw,https://ec.ltn.com.tw/article/breakingnews/5569696
2026-09-10 09:32:53,2454,2454 聯發科 - 股市最新爆料，掌握股友們對眾個股股價、技術分析、新聞的第一手... - 股市爆料同學會 - CMoney,CMoney,https://www.cmoney.tw/forum/article/184514317
2026-09-10 09:30:25,2454,2454 聯發科 - 聯發科8月營收月增32.4% - 股市爆料同學會 - CMoney,CMoney,https://www.cmoney.tw/forum/article/184514264
2026-09-10 09:24:32,2454,《通網股》聯發科8月營收年增逾4成AI與ASIC接力催油門- 上市櫃 - 旺得富理財網,旺得富理財網,https://wantrich.chinatimes.com/news/20260910900588-420101
2026-09-10 09:22:43,2454,聯發科8月營收641億元創歷史新高　月增32%、年增44% - nownews.com,nownews.com,https://www.nownews.com/amp/news/6873982
2026-09-10 09:22:43,2454,聯發科8月營收創歷史新高 月增32% - 生活新聞 - PChome Online 新聞 - PChome Online 新聞,PChome Online 新聞,https://news.pchome.com.tw/living/nownews/20260910/index-78903216349291207009.html
2026-09-10 09:21:40,2454,台股二哥也創高！聯發科8月營收641億元 月增32%、年增逾44% - tw.stock.yahoo.com,tw.stock.yahoo.com,https://tw.stock.yahoo.com/news/%E5%8F%B0%E8%82%A1%E4%BA%8C%E5%93%A5%E4%B9%9F%E5%89%B5%E9%AB%98%EF%BC%81%E8%81%AF%E7%99%BC%E7%A7%918%E6%9C%88%E7%87%9F%E6%94%B6641%E5%84%84%E5%85%83-%E6%9C%88%E5%A2%9E32%E3%80%81%E5%B9%B4%E5%A2%9E44-092140525.html
2026-09-10 09:10:53,2454,聯發科營收／8月641億元創新高 月增32%、年增44% - 經濟日報,經濟日報,https://money.udn.com/money/story/5710/9746797
2026-09-10 09:10:30,2454,聯發科營收／8月641億元創新高 月增32%、年增44% - udn.com,udn.com,https://udn.com/news/story/7252/9746797
2026-09-10 08:58:41,2454,2454 聯發科 - 發哥營收暴衝- 股市爆料同學會 - CMoney,CMoney,https://www.cmoney.tw/forum/article/184513497
2026-09-10 08:58:00,2454,營收：聯發科(2454)8月營收641億8336萬元創新高，月增32.40%，年增44.08% - 富聯網,富聯網,https://ww2.money-link.com.tw/realtimenews/NewsContent.aspx?SN=2420273002&PU=1002
2026-09-10 08:58:00,2454,《業績-半導體》聯發科8月營收為641.83億元，年增44.08% - 富聯網,富聯網,https://ww2.money-link.com.tw/realtimenews/NewsContent.aspx?SN=6299277001&PU=1002
2026-09-10 08:27:52,2454,三大法人買賣超 – 外資買超(2454)聯發科、(3711)日月光投控，投信買超(2303)聯電、(1815)富喬，法人合計賣超503.12億元 - sinotrade.com.tw,sinotrade.com.tw,https://www.sinotrade.com.tw/richclub/MarketTrends/%E4%B8%89%E5%A4%A7%E6%B3%95%E4%BA%BA%E8%B2%B7%E8%B3%A3%E8%B6%85-%E2%80%93-%E5%A4%96%E8%B3%87%E8%B2%B7%E8%B6%85-2454-%E8%81%AF%E7%99%BC%E7%A7%91--3711-%E6%97%A5%E6%9C%88%E5%85%89%E6%8A%95%E6%8E%A7-%E6%8A%95%E4%BF%A1%E8%B2%B7%E8%B6%85-2303-%E8%81%AF%E9%9B%BB--1815-%E5%AF%8C%E5%96%AC-%E6%B3%95%E4%BA%BA%E5%90%88%E8%A8%88%E8%B3%A3%E8%B6%85503-12%E5%84%84%E5%85%83--0910--6aa267d5b6b85141a6ee08e4
2026-09-10 05:55:00,2454,台股4萬7千點沒守住！ 台積電跌20元、台達電挫6.69%淪重災區聯發科翻紅漲95元、日月光漲逾1% - ftnn.com.tw,ftnn.com.tw,https://www.ftnn.com.tw/news/577854
2026-09-10 02:43:26,2454,三大法人買賣超 – 外資買超(2330)台積電、(2454)聯發科，投信買超(2454)聯發科、(2303)聯電，法人合計買超1138.65億元 - sinotrade.com.tw,sinotrade.com.tw,https://www.sinotrade.com.tw/richclub/MarketTrends/%E4%B8%89%E5%A4%A7%E6%B3%95%E4%BA%BA%E8%B2%B7%E8%B3%A3%E8%B6%85-%E2%80%93-%E5%A4%96%E8%B3%87%E8%B2%B7%E8%B6%85-2330-%E5%8F%B0%E7%A9%8D%E9%9B%BB--2454-%E8%81%AF%E7%99%BC%E7%A7%91-%E6%8A%95%E4%BF%A1%E8%B2%B7%E8%B6%85-2454-%E8%81%AF%E7%99%BC%E7%A7%91--2303-%E8%81%AF%E9%9B%BB-%E6%B3%95%E4%BA%BA%E5%90%88%E8%A8%88%E8%B2%B7%E8%B6%851138-65%E5%84%84%E5%85%83--0907--6a9e76ee725a7334fdc97399
2026-09-10 01:11:00,2454,台達電重摔5%、聯發科挫2%！台積電開低跌25元至2440元台股開低跌452點跌破46800點大關 - ftnn.com.tw,ftnn.com.tw,https://www.ftnn.com.tw/news/577719
2026-09-09 18:29:12,2454,聯發科小金雞意騰強攻語音終端市場 明年營收有望續創新高 - 自由時報,自由時報,https://stock.ltn.com.tw/article/2vwrfsjyfctt
2026-09-09 16:07:28,2454,三大法人買賣超 – 外資買超(2330)台積電、(2454)聯發科，投信買超(2454)聯發科、(2303)聯電，法人合計買超1138.65億元 - sinotrade.com.tw,sinotrade.com.tw,https://www.sinotrade.com.tw/richclub/MarketTrends/-6a9e76ee725a7334fdc97399
2026-09-09 13:31:38,2454,2454 聯發科 - 股市最新爆料，掌握股友們對眾個股股價、技術分析、新聞的第一手... - 股市爆料同學會 - CMoney,CMoney,https://www.cmoney.tw/forum/article/184489414
2026-09-09 09:09:45,2454,聯發科輝達結盟 小金雞達發H1 EPS刷紀錄 - 台灣好新聞,台灣好新聞,https://www.taiwanhot.net/news/1147606/%E8%81%AF%E7%99%BC%E7%A7%91%E8%BC%9D%E9%81%94%E7%B5%90%E7%9B%9F+%E5%B0%8F%E9%87%91%E9%9B%9E%E9%81%94%E7%99%BCH1+EPS%E5%88%B7%E7%B4%80%E9%8C%84
2026-09-09 08:27:53,2454,聯發科小金雞意騰強攻語音終端市場 明年營收有望續創新高 - 自由財經,自由財經,https://ec.ltn.com.tw/article/breakingnews/5568383
2026-09-09 08:27:53,2454,聯發科小金雞意騰強攻語音終端市場 明年營收有望續創新高 - Yahoo新聞,Yahoo新聞,https://tw.news.yahoo.com/%E8%81%AF%E7%99%BC%E7%A7%91%E5%B0%8F%E9%87%91%E9%9B%9E%E6%84%8F%E9%A8%B0%E5%BC%B7%E6%94%BB%E8%AA%9E%E9%9F%B3%E7%B5%82%E7%AB%AF%E5%B8%82%E5%A0%B4-%E6%98%8E%E5%B9%B4%E7%87%9F%E6%94%B6%E6%9C%89%E6%9C%9B%E7%BA%8C%E5%89%B5%E6%96%B0%E9%AB%98-082753955.html
2026-09-09 07:37:48,2454,2454 聯發科 - 日出東方，唯我不敗！ 3字頭再接？ - 股市爆料同學會 - CMoney,CMoney,https://www.cmoney.tw/forum/article/184481782
2026-09-09 07:18:51,2454,聯發科輝達結盟 小金雞達發H1 EPS刷紀錄 - taiwanhot.net,taiwanhot.net,https://www.taiwanhot.net/news/1147616/%E8%81%AF%E7%99%BC%E7%A7%91%E8%BC%9D%E9%81%94%E7%B5%90%E7%9B%9F+%E5%B0%8F%E9%87%91%E9%9B%9E%E9%81%94%E7%99%BCH1+EPS%E5%88%B7%E7%B4%80%E9%8C%84
2026-09-09 06:18:59,2454,黃仁勳35億美元投資聯發科 - taiwanhot.net,taiwanhot.net,https://www.taiwanhot.net/news/1147583/%E9%BB%83%E4%BB%81%E5%8B%B335%E5%84%84%E7%BE%8E%E5%85%83%E6%8A%95%E8%B3%87%E8%81%AF%E7%99%BC%E7%A7%91
2026-09-09 05:40:00,2454,台股勉強收紅！5大權值股慘遭分化 台積電翻黑、聯發科摔85元僅「這2檔」狂飆 - FTNN 新聞網,FTNN 新聞網,https://www.ftnn.com.tw/news/577497
2026-09-09 05:23:46,2454,《半導體》聯發科達哥AI平台擴大落地意騰-KY：輕量版拚年底亮相- 上市櫃 - 旺得富理財網,旺得富理財網,https://wantrich.chinatimes.com/news/20260909900324-420101
2026-09-09 04:07:48,2454,聯發科(2454)發39億美元可轉債，AI ASIC何時轉成營收？-柏宇 KD 獲利模式 - cmnews.com.tw,cmnews.com.tw,https://cmnews.com.tw/article/chenboyu-04891767-ac04-11f1-bcfb-a8087c52d236
2026-09-09 03:29:00,2454,聯發科股價複製大立光？財經專家揭密：輝達入股只是「第一層」 真正原因與台積電有關- 證券 - ctee.com.tw,ctee.com.tw,https://www.ctee.com.tw/news/20260909700942-430201
2026-09-09 02:31:00,2454,台股這波太狂！聯發科、聯電助攻 3檔ETF今年「含息報酬破百」名單曝光 - FTNN 新聞網,FTNN 新聞網,https://www.ftnn.com.tw/news/577417
2026-09-09 01:45:42,2454,矽盾2兆 台美雙核心飆股 繼南亞科、聯發科後下一檔 - moneyweekly.com.tw,moneyweekly.com.tw,https://www.moneyweekly.com.tw/ArticleData/Info/%E7%90%86%E8%B2%A1%E5%91%A8%E5%88%8A/247611
2026-09-08 13:53:00,2454,聯發科與輝達強強聯手！達發上半季EPS歷史高。低軌衛星與AI連網雙引擎發擊 - 蕃新聞,蕃新聞,https://n.yam.com/Article/20260908717134
2026-09-08 09:20:52,2454,聯發科概念ETF飆破100％！達人揭密：高持股不一定最會漲 這3檔才猛 - 三立新聞,三立新聞,https://inews.setn.com/news/1903652
2026-09-08 07:45:26,2454,目標價1表看》聯發科離目標價只差不足400元！世芯、創意…5檔誰空間更大法人揭AI ASIC時間表- 上市櫃 - 旺得富理財網,旺得富理財網,https://wantrich.chinatimes.com/news/20260908900431-420101
2026-09-08 05:54:09,2454,聯發科與輝達強強聯手！達發上半季EPS歷史高。低軌衛星與AI連網雙引擎發擊 - 理財周刊,理財周刊,https://www.moneyweekly.com.tw/ArticleData/Info/Article/247438
2026-09-08 04:04:53,2454,大立光8000元關前爆雷！摔跌停再挫逾4％ 蔡明翰對比台積電、聯發科：CPO「差距秒懂」 - 上市櫃 - wantrich.chinatimes.com,wantrich.chinatimes.com,https://wantrich.chinatimes.com/news/20260908900285-420101
2026-09-08 02:49:15,2454,博通也不敢小看！聯發科AI利多一波波 8檔「含發」ETF跑贏台股大盤 - tw.news.yahoo.com,tw.news.yahoo.com,https://tw.news.yahoo.com/%E5%8D%9A%E9%80%9A%E4%B9%9F%E4%B8%8D%E6%95%A2%E5%B0%8F%E7%9C%8B-%E8%81%AF%E7%99%BC%E7%A7%91ai%E5%88%A9%E5%A4%9A-%E6%B3%A2%E6%B3%A2-8%E6%AA%94-%E5%90%AB%E7%99%BC-023006381.html
2026-09-08 02:30:06,2454,博通也不敢小看！聯發科AI利多一波波8檔「含發」ETF跑贏台股大盤| 財經 - Newtalk新聞,Newtalk新聞,https://newtalk.tw/news/view/2026-09-08/1058394
2026-09-08 01:52:09,2454,Intel產能排擠轉向高毛利，聯發科有望獲利基轉單股價直逼歷史高點 - 鏈新聞 ABMedia,鏈新聞 ABMedia,https://abmedia.io/intel-rasie-pc-cpu-price-mediatek-benefit
2026-09-07 23:55:00,2454,《半導體》注意股：聯發科 近5日漲21.27% - 富聯網,富聯網,https://ww2.money-link.com.tw/realtimenews/NewsContent.aspx?SN=6294691001&PU=1002
2026-09-07 21:30:00,2454,熱門股》ASIC霸主背書 聯發科挑戰新高價 - 自由財經,自由財經,https://ec.ltn.com.tw/article/paper/1769853
2026-09-07 13:21:36,2454,2454 聯發科 - 股市最新爆料，掌握股友們對眾個股股價、技術分析、新聞的第一手... - 股市爆料同學會 - CMoney,CMoney,https://www.cmoney.tw/forum/article/184286115
2026-09-07 11:10:00,2454,9／7台股雷達｜聯電飆漲停聯發科、台虹題材撐盤原因一次看- 證券 - 工商時報,工商時報,https://www.ctee.com.tw/news/20260907701687-430204
2026-09-07 10:30:00,2454,輝達砸1108億結盟點火！聯發科持ASIC題材奪萬元目標價稱冠「這檔晶圓代工」8月營收創近4年高同受矚 - FTNN 新聞網,FTNN 新聞網,https://www.ftnn.com.tw/news/576925
2026-09-07 10:30:00,2454,輝達砸1108億結盟點火！聯發科持ASIC題材奪萬元目標價稱冠「這檔晶圓代工」8月營收創近4年高同受矚 - Yahoo股市,Yahoo股市,https://tw.stock.yahoo.com/news/%E8%BC%9D%E9%81%94%E7%A0%B81108%E5%84%84%E7%B5%90%E7%9B%9F%E9%BB%9E%E7%81%AB-%E8%81%AF%E7%99%BC%E7%A7%91%E6%8C%81asic%E9%A1%8C%E6%9D%90%E5%A5%AA%E8%90%AC%E5%85%83%E7%9B%AE%E6%A8%99%E5%83%B9%E7%A8%B1%E5%86%A0-%E9%80%99%E6%AA%94%E6%99%B6%E5%9C%93%E4%BB%A3%E5%B7%A5-8%E6%9C%88%E7%87%9F%E6%94%B6%E5%89%B5%E8%BF%914%E5%B9%B4%E9%AB%98%E5%90%8C%E5%8F%97%E7%9F%9A-103000563.html
2026-09-07 06:26:36,2454,台積電攜手聯發科拉高台股！收盤上漲775點 大立光苦吞跌停 | 經濟日報 - LINE TODAY,LINE TODAY,https://today.line.me/tw/v3/article/wJaXvyp
2026-09-07 06:06:43,2454,2454 聯發科 - 🚨 主力加碼卡位？昨日主動式ETF 加碼這檔！ - 股市爆料同學會 - CMoney,CMoney,https://www.cmoney.tw/forum/article/184299027
2026-09-07 05:27:27,2454,聯發科(2454)發39億美元可轉債，AI營收何時看得到-柏宇 KD 獲利模式 - CMoney投資網誌,CMoney投資網誌,https://cmnews.com.tw/article/chenboyu-d06f7fed-aa7c-11f1-a992-3d6b48b69be4
2026-09-07 04:59:48,2454,聯發科一度攻上漲停！NVLink、AI ASIC雙題材發威 利多總整理 - 中時新聞網,中時新聞網,https://www.chinatimes.com/realtimenews/20260907002343-260410
2026-09-07 04:59:00,2454,焦點股：NVIDIA、Google加持，聯發科(2454)ASIC展望升溫，股價跳漲續攻 - ww2.money-link.com.tw,ww2.money-link.com.tw,https://ww2.money-link.com.tw/realtimenews/NewsContent.aspx?SN=2417069002&PU=0009
2026-09-07 04:23:43,2454,一張大賺174.5萬元！股王明年在手訂單爆滿盤中攻頂 輝達千億元結盟聯發科狂拉8% - Yahoo股市,Yahoo股市,https://tw.stock.yahoo.com/news/%E5%BC%B5%E5%A4%A7%E8%B3%BA174-5%E8%90%AC%E5%85%83-%E8%82%A1%E7%8E%8B%E6%98%8E%E5%B9%B4%E5%9C%A8%E6%89%8B%E8%A8%82%E5%96%AE%E7%88%86%E6%BB%BF%E7%9B%A4%E4%B8%AD%E6%94%BB%E9%A0%82-%E8%BC%9D%E9%81%94%E5%8D%83%E5%84%84%E5%85%83%E7%B5%90%E7%9B%9F%E8%81%AF%E7%99%BC%E7%A7%91%E7%8B%82%E6%8B%898-040500927.html
2026-09-07 04:07:29,2454,2454 聯發科 - 若跌破4700，今天已經大漲，尾盤觀望，暫不要硬接。 - 股市爆料同學會 - cmoney.tw,cmoney.tw,https://www.cmoney.tw/forum/article/184207013
2026-09-07 03:54:49,2454,2454 聯發科 - 聯發科亮燈！74檔台股ETF沾光 0050、06208最吃香- 股市爆料同學會 - CMoney,CMoney,https://www.cmoney.tw/forum/article/184204969
2026-09-07 03:34:12,2454,"2330 台積電 - 貢獻台股逾200點！聯發科觸漲停4,855元 輝達重金押AI ASIC 再攻機櫃級- 股市爆料同學會 - cmoney.tw",cmoney.tw,https://www.cmoney.tw/forum/article/184201446
2026-09-07 03:20:00,2454,聯發科亮燈！74檔台股ETF沾光　0050、06208最吃香 - finance.ettoday.net,finance.ettoday.net,https://finance.ettoday.net/news/3232823
2026-09-07 03:14:56,2454,貢獻台股逾200點！聯發科觸漲停4855元 輝達重金押AI ASIC再攻機櫃級 - udn.com,udn.com,https://udn.com/news/story/7251/9738859
2026-09-07 03:10:40,2454,【即時新聞】聯發科(2454)獲輝達助攻飆漲停，這「5檔概念股」資金輪動升溫！ - cmnews.com.tw,cmnews.com.tw,https://cmnews.com.tw/article/newsyoudeservetoknow-b484a107-aa69-11f1-81f4-2cd148dfd9be
2026-09-07 03:04:24,2454,【即時新聞】聯發科(2454)獲輝達銀彈注資！強攻AI晶片，專家揭下一步動向！ - CMoney,CMoney,https://www.cmoney.tw/notes/note-detail.aspx?nid=1262990
2026-09-07 03:04:23,2454,【即時新聞】聯發科(2454)獲輝達銀彈注資！強攻AI晶片，專家揭下一步動向！ - cmnews.com.tw,cmnews.com.tw,https://cmnews.com.tw/article/newsyoudeservetoknow-d4146d4a-aa68-11f1-832e-4465e20cee34
2026-09-07 03:02:25,2454,【即時新聞】聯發科(2454)獲輝達重金力挺！AI版圖擴張，後市還能追嗎？ - cmnews.com.tw,cmnews.com.tw,https://cmnews.com.tw/article/newsyoudeservetoknow-8ded5eae-aa68-11f1-a639-057914ebf02f
2026-09-07 02:48:01,2454,聯發科早盤逼近漲停！市場改押XPU新客戶，第二波在算什麼？ - cmnews.com.tw,cmnews.com.tw,https://cmnews.com.tw/article/cmoney-8addf721-aa66-11f1-98fa-d021b9c89e61
2026-09-07 02:48:00,2454,輝達助攻＋TPU迎爬坡！聯發科亮燈鎖4855元 法人看好Q4營運 - news.tvbs.com.tw,news.tvbs.com.tw,https://news.tvbs.com.tw/money/4018562
2026-09-07 02:46:11,2454,焦點股》聯發科：獲博通肯定 市場齊鼓掌 - Yahoo新聞,Yahoo新聞,https://tw.news.yahoo.com/%E7%84%A6%E9%BB%9E%E8%82%A1-%E8%81%AF%E7%99%BC%E7%A7%91-%E7%8D%B2%E5%8D%9A%E9%80%9A%E8%82%AF%E5%AE%9A-%E5%B8%82%E5%A0%B4%E9%BD%8A%E9%BC%93%E6%8E%8C-023208774.html
2026-09-07 02:35:17,2454,費半點火台股衝破4.7萬點 聯發科一度漲停、聯電亮燈 - udn.com,udn.com,https://udn.com/news/story/7251/9738741
2026-09-07 02:32:08,2454,焦點股》聯發科：獲博通肯定 市場齊鼓掌 - ec.ltn.com.tw,ec.ltn.com.tw,https://ec.ltn.com.tw/article/breakingnews/5565453
2026-09-07 02:25:23,2454,【即時新聞】最新聯發科2454獲千億卡位，爆量衝4855元小心拉回！ - cmoney.tw,cmoney.tw,https://www.cmoney.tw/notes/note-detail.aspx?nid=1262960
2026-09-07 01:44:11,2454,2454 聯發科 - 說好的出量萬張紅K今天就來了週二的一字鎖漲停後，週三爆量... - 股市爆料同學會 - cmoney.tw,cmoney.tw,https://www.cmoney.tw/forum/article/184181362
2026-09-07 01:44:07,2454,【09:43 即時新聞】聯發科(2454)股價大漲近9%，AI ASIC與NVLink合作發酵＋均線多頭搭配三大法人連日加碼 - CMoney投資網誌,CMoney投資網誌,https://cmnews.com.tw/article/cmoneyairesearcher-9d6a77b1-aa5d-11f1-8186-f65deb18f482
2026-09-07 01:33:01,2454,【09/07 產業即時新聞】無線耳機盤中強勢上攻，權值股聯發科領軍，類股表現吸睛 - CMoney投資網誌,CMoney投資網誌,https://cmnews.com.tw/article/cmoneyairesearcher-10aebde9-aa5c-11f1-87a3-b614544c586a
2026-09-07 01:20:23,2454,輝達砸35億美元投資聯發科，真正目的不只NVLink！拆解這場交易背後的「三個關鍵問題」 - businesstoday.com.tw,businesstoday.com.tw,https://www.businesstoday.com.tw/article/category/183015/post/202609070002/
2026-09-07 00:17:00,2454,個股：聯發科上週末連兩日包場六福村，邀近2.5萬名員工及眷屬共度家庭日 - ww2.money-link.com.tw,ww2.money-link.com.tw,https://ww2.money-link.com.tw/realtimenews/NewsContent.aspx?SN=2416883002&PU=1002
2026-09-06 15:25:00,2454,「39億美元可轉債」獲輝達等AI夥伴認購！聯發科攜手輝達再攻雲端伺服器 AI ASIC成長動能升溫 - FTNN 新聞網,FTNN 新聞網,https://www.ftnn.com.tw/news/576654
2026-09-06 15:25:00,2454,「39億美元可轉債」獲輝達等AI夥伴認購！聯發科攜手輝達再攻雲端伺服器 AI ASIC成長動能升溫 - tw.stock.yahoo.com,tw.stock.yahoo.com,https://tw.stock.yahoo.com/news/39%E5%84%84%E7%BE%8E%E5%85%83%E5%8F%AF%E8%BD%89%E5%82%B5-%E7%8D%B2%E8%BC%9D%E9%81%94%E7%AD%89ai%E5%A4%A5%E4%BC%B4%E8%AA%8D%E8%B3%BC-%E8%81%AF%E7%99%BC%E7%A7%91%E6%94%9C%E6%89%8B%E8%BC%9D%E9%81%94%E5%86%8D%E6%94%BB%E9%9B%B2%E7%AB%AF%E4%BC%BA%E6%9C%8D%E5%99%A8-ai-asic%E6%88%90%E9%95%B7%E5%8B%95%E8%83%BD%E5%8D%87%E6%BA%AB-152500007.html
2026-09-06 11:32:00,2454,焦點股》聯發科：獲博通肯定 市場齊鼓掌 - stock.ltn.com.tw,stock.ltn.com.tw,https://stock.ltn.com.tw/article/6veazpetgbbg
2026-09-06 09:03:00,2454,三大法人買賣超 – 外資買超(2327)國巨*、(2317)鴻海，投信買超(3017)奇鋐、(2454)聯發科，法人合計買超628.72億元 - sinotrade.com.tw,sinotrade.com.tw,https://www.sinotrade.com.tw/richclub/MarketTrends/%E4%B8%89%E5%A4%A7%E6%B3%95%E4%BA%BA%E8%B2%B7%E8%B3%A3%E8%B6%85-%E2%80%93-%E5%A4%96%E8%B3%87%E8%B2%B7%E8%B6%85-2327-%E5%9C%8B%E5%B7%A8---2317-%E9%B4%BB%E6%B5%B7-%E6%8A%95%E4%BF%A1%E8%B2%B7%E8%B6%85-3017-%E5%A5%87%E9%8B%90--2454-%E8%81%AF%E7%99%BC%E7%A7%91-%E6%B3%95%E4%BA%BA%E5%90%88%E8%A8%88%E8%B2%B7%E8%B6%85628-72%E5%84%84%E5%85%83--0904--6a9a7fa15800ac351c342c64
2026-09-06 08:05:00,2454,聯發科AI大爆發倒數法人曝輝達押注千億背後藏大局- 證券 - 工商時報,工商時報,https://ctee.com.tw/news/20260906700462-430201
2026-09-06 08:05:00,2454,聯發科AI大爆發倒數法人曝輝達押注千億背後藏大局- 證券 - ctee.com.tw,ctee.com.tw,https://www.ctee.com.tw/news/20260906700462-430201
2026-09-06 07:10:00,2454,輝達35億美元押注聯發科！XPU正面挑戰博通、Marvell 專家揭3大利器 - Yahoo新聞,Yahoo新聞,https://tw.news.yahoo.com/%E8%BC%9D%E9%81%9435%E5%84%84%E7%BE%8E%E5%85%83%E6%8A%BC%E6%B3%A8%E8%81%AF%E7%99%BC%E7%A7%91-xpu%E6%AD%A3%E9%9D%A2%E6%8C%91%E6%88%B0%E5%8D%9A%E9%80%9A-marvell-%E5%B0%88%E5%AE%B6%E6%8F%AD3%E5%A4%A7%E5%88%A9%E5%99%A8-071000869.html
2026-09-06 06:51:29,2454,聯發科7月營收月減16% Q4看旺 - stock.ltn.com.tw,stock.ltn.com.tw,https://stock.ltn.com.tw/article/2amjluhapxpw
2026-09-06 06:35:57,2454,營收速報》聯發科營收年月雙增 Q2估持平至小減 - stock.ltn.com.tw,stock.ltn.com.tw,https://stock.ltn.com.tw/article/wmhsbgymrhrw
2026-09-06 03:30:00,2454,AI晶片愈做愈複雜！聯發科劉添益：供應鏈再各自為政「絕對被淘汰」 - 壹蘋新聞網,壹蘋新聞網,https://news.nextapple.com/finance/20260906/5C8EB3D0999461CFC0C6828904E7D7C2
2026-09-06 02:10:00,2454,輝達35億美元押注聯發科！XPU正面挑戰博通、Marvell 專家揭3大利器 - 壹蘋新聞網,壹蘋新聞網,https://news.nextapple.com/finance/20260906/C621785CA721E0CE404A160E2DCC8359
2026-09-06 00:37:06,2454,焦點股》聯發科：隔日沖客出場 上檔壓力浮現 - stock.ltn.com.tw,stock.ltn.com.tw,https://stock.ltn.com.tw/article/1sxavxyshkmv
2026-09-06 00:13:32,2454,聯發科4415元還能追？距轉換價不到百元分析師盯「4513元關卡」 - 上市櫃 - wantrich.chinatimes.com,wantrich.chinatimes.com,https://wantrich.chinatimes.com/news/20260906900006-420101
2026-09-05 22:11:00,2454,聯發科首創包場六福村水陸雙樂園　近2.5萬名員工及眷屬共度2026家庭日 - ETtoday財經雲,ETtoday財經雲,https://finance.ettoday.net/news/3232239
2026-09-05 13:56:45,2454,聯發科首創包場六福村水陸雙樂園 參與員工及眷屬近2.5萬名 - news.cnyes.com,news.cnyes.com,https://news.cnyes.com/news/id/6598563
2026-09-05 12:45:38,2454,千金ASIC股漲一輪，下一棒看封測？輝達投資聯發科　這檔成市場新焦點 - 經濟日報,經濟日報,https://money.udn.com/money/amp/story/5607/9732588
2026-09-05 10:14:00,2454,聯發科包六福村水陸雙園區辦家庭日！ 兩日近 2.5 萬員工參加、蔡力行也出席 - tw.news.yahoo.com,tw.news.yahoo.com,https://tw.news.yahoo.com/%E8%81%AF%E7%99%BC%E7%A7%91%E5%8C%85%E5%85%AD%E7%A6%8F%E6%9D%91%E6%B0%B4%E9%99%B8%E9%9B%99%E5%9C%92%E5%8D%80%E8%BE%A6%E5%AE%B6%E5%BA%AD%E6%97%A5-%E5%85%A9%E6%97%A5%E8%BF%91-2-5-%E8%90%AC%E5%93%A1%E5%B7%A5%E5%8F%83%E5%8A%A0-101400369.html
2026-09-05 09:04:00,2454,《半導體》大手筆！聯發科包下六福村 水陸雙園迎2.5萬員工眷屬 - 富聯網,富聯網,https://ww2.money-link.com.tw/RealtimeNews/NewsContent.aspx?SN=6292423001&PU=0010
2026-09-05 08:41:17,2454,下一檔萬金股？聯發科(2454)股價4400元還能進場？轉換價4513元是護身符？百億操盤手揭「最佳買點」 - 今周刊,今周刊,https://www.businesstoday.com.tw/article/category/183008/post/202609020087/
2026-09-05 08:36:36,2454,首家包場六福村水陸雙園！聯發科家庭日盛大舉行 共2.5萬名員工參與 - UDN,UDN,https://udn.com/news/story/7240/9736532
2026-09-05 08:34:00,2454,聯發科搶才再出招2.5萬人家庭日秀福利肌肉- 產業 - 工商時報,工商時報,https://www.ctee.com.tw/news/20260905700627-430501
2026-09-05 08:31:42,2454,聯發科包場六福村水陸雙樂園 近2.5萬名員工及眷屬共度家庭日 - 自由財經,自由財經,https://ec.ltn.com.tw/article/breakingnews/5564198
2026-09-05 08:04:53,2454,聯發科首創包場六福村水陸雙樂園 近2.5萬名員工及眷屬共度2026家庭日 - CMoney,CMoney,https://www.cmoney.tw/forum/article/184161927
2026-09-05 00:00:00,2454,千金ASIC股漲一輪，接下來看封測？輝達投資聯發科　投信默默在買這一檔 - 經濟日報,經濟日報,https://money.udn.com/money/story/5607/9732588
2026-09-04 06:39:44,2454,總編推薦／輝達與聯發科親上加親黃仁勳砸35億美元究竟看上了什麼？還有哪些台鏈受惠| 產業熱點| 產業 - 經濟日報,經濟日報,https://money.udn.com/money/story/5612/9734657
2026-09-04 04:19:30,2454,AI ASIC助攻！聯發科獲外資上喊萬元目標價吸267億奪成交王「這檔記憶體」持DRAM題材營收暴增561％同受矚 - Yahoo股市,Yahoo股市,https://tw.stock.yahoo.com/news/ai-asic%E5%8A%A9%E6%94%BB-%E8%81%AF%E7%99%BC%E7%A7%91%E7%8D%B2%E5%A4%96%E8%B3%87%E4%B8%8A%E5%96%8A%E8%90%AC%E5%85%83%E7%9B%AE%E6%A8%99%E5%83%B9%E5%90%B8267%E5%84%84%E5%A5%AA%E6%88%90%E4%BA%A4%E7%8E%8B-%E9%80%99%E6%AA%94%E8%A8%98%E6%86%B6%E9%AB%94-%E6%8C%81dram%E9%A1%8C%E6%9D%90%E7%87%9F%E6%94%B6%E6%9A%B4%E5%A2%9E561-040500699.html
2026-09-04 04:05:00,2454,AI ASIC助攻！聯發科獲外資上喊萬元目標價吸267億奪成交王「這檔記憶體」持DRAM題材營收暴增561％同受矚 - ftnn.com.tw,ftnn.com.tw,https://www.ftnn.com.tw/news/576087
2026-09-03 19:00:00,2454,韌性拉滿台積、聯發科逆勢揚- 日報 - 工商時報,工商時報,https://www.ctee.com.tw/news/20260904700285-439901
2026-09-03 16:41:24,2454,聯發科 兩檔衝刺 - 經濟日報,經濟日報,https://money.udn.com/money/story/5739/9733070
2026-09-03 16:41:24,2454,聯發科 兩檔衝刺 - udn.com,udn.com,https://udn.com/news/story/7255/9733070
2026-09-03 08:50:00,2454,三大法人買賣超 – 外資買超(2454)聯發科、(2308)台達電，投信買超(3231)緯創、(2454)聯發科，法人合計賣超637.12億元 - sinotrade.com.tw,sinotrade.com.tw,https://www.sinotrade.com.tw/richclub/MarketTrends/-6a9932527c0dd23586140376
2026-09-03 07:27:31,2454,輝達投資聯發科最大受惠股：京元電| 雜誌 - udn.com,udn.com,https://udn.com/news/story/6850/9731958
2026-09-03 05:52:27,2454,2454 聯發科 - 大盤殺戮戰場！！發哥盡力了，也辛苦了❤️ - 股市爆料同學會 - CMoney,CMoney,https://www.cmoney.tw/forum/article/183949037
2026-09-03 04:50:30,2454,【12:50 即時新聞】聯發科(2454)股價走強站上4390，AI ASIC題材帶動權值股回穩＋短線技術面高檔整理、法人賣壓漸收斂 - CMoney投資網誌,CMoney投資網誌,https://cmnews.com.tw/article/cmoneyairesearcher-fd8fc41f-a752-11f1-9d59-ab71c2a557e4
2026-09-03 03:32:48,2454,聯發科：創造AI時代三贏 CEO蔡力行喊話「拜託多給一點產能」 - blog.104.com.tw,blog.104.com.tw,https://blog.104.com.tw/?post_type=post&p=246961
2026-09-03 02:21:07,2454,快訊／台股開盤漲近350點 聯發科漲55元 - 民視新聞網,民視新聞網,https://www.ftvnews.com.tw/news/detail/2026903W0174
2026-09-03 02:21:07,2454,快訊／台股開盤漲近350點 聯發科漲55元 - 民視財經網,民視財經網,https://finance.ftvnews.com.tw/news/detail/2026903W0174
2026-09-03 02:08:17,2454,早盤快訊》 台股漲260點！聯發科領軍權值股齊揚，8檔個股亮燈漲停 | 下班經濟學 | 財經 - Storm.mg,Storm.mg,https://www.storm.mg/article/11161480
2026-09-03 01:58:49,2454,快訊／台股開盤漲近350點 聯發科漲55元 - Yahoo新聞,Yahoo新聞,https://tw.news.yahoo.com/%E5%BF%AB%E8%A8%8A-%E5%8F%B0%E8%82%A1%E9%96%8B%E7%9B%A4%E6%BC%B2%E8%BF%91350%E9%BB%9E-%E8%81%AF%E7%99%BC%E7%A7%91%E6%BC%B255%E5%85%83-012000883.html
2026-09-03 01:27:41,2454,聯發科(2454)亮燈漲停，第四季ASIC量產能把35億美元期待變營收嗎？-柏宇 KD 獲利模式 - CMoney投資網誌,CMoney投資網誌,https://cmnews.com.tw/article/chenboyu-a85c4f5f-a736-11f1-8723-3c239fcd8a19
2026-09-03 01:19:56,2454,美股收紅助攻！聯發科領軍台股開高一度彈升逾300點 面板雙虎人氣旺 - udn.com,udn.com,https://udn.com/news/story/7251/9731281
2026-09-03 00:54:44,2454,1圖秒懂》輝達千億入股...聯發科為何僅1日行情？瑤池金母偷出貨？專家曝後市「3劇本」：981A不一定買單- 上市櫃 - 旺得富理財網,旺得富理財網,https://wantrich.chinatimes.com/news/20260903900142-420101
2026-09-03 00:05:15,2454,《半導體》輝達35億美元押注聯發科！蔡力行看好NVLink 台積產能無虞- 上市櫃 - 旺得富理財網,旺得富理財網,https://wantrich.chinatimes.com/news/20260903900111-420101
2026-09-02 23:59:09,2454,蔡力行：輝達投資聯發科 代表對台灣有信心 - 自由時報,自由時報,https://stock.ltn.com.tw/article/wp5axmfue2ma
2026-09-02 20:57:58,2454,台股跌784點別怕？輝達、聯發科強強聯手 江國中點名這3檔「AI新飆股」 - 三立新聞網SETN.com,三立新聞網SETN.com,https://inews.setn.com/news/1900661
2026-09-02 20:54:01,2454,台股跌784點別怕？輝達、聯發科強強聯手 江國中點名這3檔「AI新飆股」 - 三立娛樂星聞,三立娛樂星聞,https://star.setn.com/news/1900661
2026-09-02 18:58:51,2454,聯發科執行長蔡力行：雙雄注資…象徵有信心 - UDN,UDN,https://udn.com/news/story/7240/9730917
2026-09-02 18:37:00,2454,輝達35億美元入股聯發科點火！「發哥ETF」吸金 3檔今年績效翻倍 - 壹蘋新聞網,壹蘋新聞網,https://news.nextapple.com/finance/20260903/2903F8A86FE45F80C439E2EF1B4D8269
2026-09-02 17:32:45,2454,聯發科執行長蔡力行：雙雄注資…象徵有信心 - 經濟日報,經濟日報,https://money.udn.com/money/story/5612/9730917
2026-09-02 16:06:29,2454,聯發科期 題材熱 - 經濟日報,經濟日報,https://money.udn.com/money/story/11113/9730579
2026-09-02 15:38:43,2454,2454 聯發科 - 輝達砸千億挺聯發科！蔡力行向台積、日月光喊話：3年產能多多益善- 股市爆料同學會 - cmoney.tw,cmoney.tw,https://www.cmoney.tw/forum/article/183896919
2026-09-02 14:06:00,2454,輝達砸千億挺聯發科！蔡力行向台積、日月光喊話：3年產能多多益善 - ETtoday財經雲,ETtoday財經雲,https://finance.ettoday.net/news/3230536
2026-09-02 13:44:15,2454,聯發科取得輝達千億元投資！ 蔡力行急向台積電、日月光、欣興預約3年產能| 自由電子報 - LINE TODAY,LINE TODAY,https://today.line.me/tw/v3/article/5y11goq?view=topic&referral=AI
2026-09-02 12:27:08,2454,聯發科取得輝達千億元投資！ 蔡力行急向台積電、日月光、欣興預約3年產能 - ec.ltn.com.tw,ec.ltn.com.tw,https://ec.ltn.com.tw/article/breakingnews/5561189
2026-09-02 12:27:08,2454,聯發科取得輝達千億元投資！ 蔡力行急向台積電、日月光、欣興預約3年產能 - Yahoo新聞,Yahoo新聞,https://tw.news.yahoo.com/%E8%81%AF%E7%99%BC%E7%A7%91%E5%8F%96%E5%BE%97%E8%BC%9D%E9%81%94%E5%8D%83%E5%84%84%E5%85%83%E6%8A%95%E8%B3%87-%E8%94%A1%E5%8A%9B%E8%A1%8C%E6%80%A5%E5%90%91%E5%8F%B0%E7%A9%8D%E9%9B%BB-%E6%97%A5%E6%9C%88%E5%85%89-%E6%AC%A3%E8%88%88%E9%A0%90%E7%B4%843%E5%B9%B4%E7%94%A2%E8%83%BD-122708990.html
2026-09-02 12:07:47,2454,聯發科(2454)拿下39億美元資金，第四季ASIC營收能否突破20億美元？-柏宇 KD 獲利模式 - cmnews.com.tw,cmnews.com.tw,https://cmnews.com.tw/article/chenboyu-e9a0bb61-a6c6-11f1-9821-886dae14398b
2026-09-02 11:25:24,2454,聯發科發39億美元ECB引二巨頭投資！蔡力行首度回應：這是AI產業對台灣的信心| 魏鑫陽 | 財經 - Storm.mg,Storm.mg,https://www.storm.mg/article/11161391
2026-09-02 11:10:49,2454,輝達與 Google 母公司認購公司債 蔡力行：代表 AI 產業對聯發科的信心 - 經濟日報,經濟日報,https://money.udn.com/money/story/5612/9730444
2026-09-02 11:08:33,2454,輝達與Google母公司認購公司債 蔡力行：代表 AI 產業對聯發科的信心 - UDN,UDN,https://udn.com/news/story/7240/9730444?from=udn-catebreaknews_ch2
2026-09-02 10:19:14,2454,聯發科蔡力行：和輝達NVLink合作已有客戶 掌握台積電產能沒問題 - 自由財經,自由財經,https://ec.ltn.com.tw/article/breakingnews/5561007
2026-09-02 10:19:14,2454,聯發科蔡力行：和輝達NVLink合作已有客戶 掌握台積電產能沒問題 - Yahoo新聞,Yahoo新聞,https://tw.news.yahoo.com/%E8%81%AF%E7%99%BC%E7%A7%91%E8%94%A1%E5%8A%9B%E8%A1%8C-%E5%92%8C%E8%BC%9D%E9%81%94nvlink%E5%90%88%E4%BD%9C%E5%B7%B2%E6%9C%89%E5%AE%A2%E6%88%B6-%E6%8E%8C%E6%8F%A1%E5%8F%B0%E7%A9%8D%E9%9B%BB%E7%94%A2%E8%83%BD%E6%B2%92%E5%95%8F%E9%A1%8C-101914905.html
2026-09-02 10:03:00,2454,蔡力行：NVIDIA、Google投資 展現對聯發科發展AI的信心 - 新聞 - MoneyDJ,MoneyDJ,https://www.moneydj.com/kmdj/news/newsviewer.aspx?a=cee4d16f-da4c-4c53-8c4b-70ef50e441dd
2026-09-02 09:51:00,2454,輝達、Google投資力挺！蔡力行：對聯發科AI有信心 供應喊「台積電沒問題」 - 壹蘋新聞網,壹蘋新聞網,https://news.nextapple.com/finance/20260902/D89FE1023D4D1A386CAFEF6A6833BA7F
2026-09-02 09:39:25,2454,聯發科成交值飆近952億元翻黑！量價榜「這檔注意股」卻逆勢創高 - UDN,UDN,https://udn.com/news/story/7252/9730271
2026-09-02 09:39:25,2454,聯發科成交值飆近952億元翻黑 量價榜「這檔注意股」卻逆勢創高 - UDN,UDN,https://udn.com/news/story/7251/9730271
2026-09-02 09:30:14,2454,【產業焦點】輝達砸千億、Alphabet入列！聯發科AI版圖升級，7檔台廠受惠 - cmnews.com.tw,cmnews.com.tw,https://cmnews.com.tw/article/cmoney-e6e85c24-a6b0-11f1-8cbe-c77e9089163d
2026-09-02 09:00:00,2454,美股收紅助攻！聯發科領軍台股開高一度彈升逾300點 面板雙虎人氣旺 - 經濟日報,經濟日報,https://money.udn.com/money/story/5607/9731281
2026-09-02 08:20:50,2454,《半導體》輝達、Alphabet都來了！聯發科AI含金量升級 外資喊7000元 - 旺得富理財網,旺得富理財網,https://wantrich.chinatimes.com/news/20260902900211-420101
2026-09-02 08:12:21,2454,2454 聯發科 - NVLink收「ASIC稅」正面硬碰UALink｜創意陷兩難- 股市爆料同學會 - cmoney.tw,cmoney.tw,https://www.cmoney.tw/forum/article/183841584
2026-09-02 08:07:42,2454,AI算力需求有了營收支撐，聯發科(2454)何時看到訂單與獲利-柏宇 KD 獲利模式 - cmnews.com.tw,cmnews.com.tw,https://cmnews.com.tw/article/chenboyu-5f426f72-a6a5-11f1-b806-579b5994cd4e
2026-09-02 07:43:30,2454,聯發科(2454)發1200億元ECB，AI供應鏈結盟會擴到誰？-美股財經週報 - 阿筠 - cmnews.com.tw,cmnews.com.tw,https://cmnews.com.tw/article/zhuangpeijun-fdc44750-a6a1-11f1-ba3b-cc4d86a8a34a
2026-09-02 07:14:00,2454,聯發科漲停後再飆4565元！皇翔175張「砍在低點」 1475萬沒了 - ftnn.com.tw,ftnn.com.tw,https://www.ftnn.com.tw/news/575441
2026-09-02 07:14:00,2454,聯發科漲停後再飆4565元！皇翔175張「砍在低點」 1475萬沒了 - tw.stock.yahoo.com,tw.stock.yahoo.com,https://tw.stock.yahoo.com/news/%E8%81%AF%E7%99%BC%E7%A7%91%E6%BC%B2%E5%81%9C%E5%BE%8C%E5%86%8D%E9%A3%864565%E5%85%83-%E7%9A%87%E7%BF%94175%E5%BC%B5-%E7%A0%8D%E5%9C%A8%E4%BD%8E%E9%BB%9E-1475%E8%90%AC%E6%B2%92%E4%BA%86-071400432.html
2026-09-02 07:03:45,2454,AI基礎設施投資熱絡！Google破除泡沫疑慮，認購聯發科千億可轉債-財經焦點情報站 - CMoney投資網誌,CMoney投資網誌,https://cmnews.com.tw/article/forumnews-70513b47-a69c-11f1-a850-e0a33e23320d
2026-09-02 06:03:54,2454,談輝達投資聯發科 精測：樂觀其成 - 台視全球資訊網,台視全球資訊網,https://www.ttv.com.tw/finance/view/default.asp?i=09202602123401E785CB50F74C16B7E0ABA8A2EFD8A94411&from=588
2026-09-02 05:31:41,2454,【Hot台股】聯發科紅燈一日限定今翻黑...網歎「欣興比發哥還硬」 分析師：拉回是機會 - Yahoo股市,Yahoo股市,https://tw.stock.yahoo.com/news/%E3%80%90hot%E5%8F%B0%E8%82%A1%E3%80%91%E8%81%AF%E7%99%BC%E7%A7%91%E7%B4%85%E7%87%88%E4%B8%80%E6%97%A5%E9%99%90%E5%AE%9A%E4%BB%8A%E7%BF%BB%E9%BB%91%E7%B6%B2%E6%AD%8E%E3%80%8C%E6%AC%A3%E8%88%88%E6%AF%94%E7%99%BC%E5%93%A5%E9%82%84%E7%A1%AC%E3%80%8D-%E5%88%86%E6%9E%90%E5%B8%AB%EF%BC%9A%E6%8B%89%E5%9B%9E%E6%98%AF%E6%A9%9F%E6%9C%83-033032769.html
2026-09-02 04:34:00,2454,《SEMICON》談輝達投資聯發科精測：樂觀其成- 新聞 - MoneyDJ,MoneyDJ,https://www.moneydj.com/kmdj/news/newsviewer.aspx?a=5318bc93-bd04-4c3c-a295-95f95b3b821f
2026-09-02 04:17:19,2454,輝達猛砸1100億結盟帶旺！聯發科獲大摩喊讚吸逾769億元奪成交王「這檔千金股」一張變3張除權秀登場受矚 - Yahoo股市,Yahoo股市,https://tw.stock.yahoo.com/news/%E8%BC%9D%E9%81%94%E7%8C%9B%E7%A0%B81100%E5%84%84%E7%B5%90%E7%9B%9F%E5%B8%B6%E6%97%BA-%E8%81%AF%E7%99%BC%E7%A7%91%E7%8D%B2%E5%A4%A7%E6%91%A9%E5%96%8A%E8%AE%9A%E5%90%B8%E9%80%BE769%E5%84%84%E5%85%83%E5%A5%AA%E6%88%90%E4%BA%A4%E7%8E%8B-%E9%80%99%E6%AA%94%E5%8D%83%E9%87%91%E8%82%A1-%E5%BC%B5%E8%AE%8A3%E5%BC%B5%E9%99%A4%E6%AC%8A%E7%A7%80%E7%99%BB%E5%A0%B4%E5%8F%97%E7%9F%9A-040000582.html
2026-09-02 04:00:00,2454,輝達猛砸1100億結盟帶旺！聯發科獲大摩喊讚吸逾769億元奪成交王「這檔千金股」一張變3張除權秀登場受矚 - FTNN 新聞,FTNN 新聞,https://www.ftnn.com.tw/news/575409
2026-09-02 04:00:00,2454,大立光、聯發科、台達電…4利空讓台股被擊落，它卻7天漲5成還在衝！「PCB女王」喊3指標必看 - 今周刊,今周刊,https://www.businesstoday.com.tw/article/category/183008/post/202609020040/
2026-09-02 03:13:54,2454,【即時新聞】輝達結盟聯發科(2454)爆量大漲，這「5檔概念股」資金輪動升溫！ - CMoney,CMoney,https://www.cmoney.tw/notes/note-detail.aspx?nid=1260199
2026-09-02 03:13:53,2454,【即時新聞】輝達結盟聯發科(2454)爆量大漲，這「5檔概念股」資金輪動升溫！ - cmnews.com.tw,cmnews.com.tw,https://cmnews.com.tw/article/newsyoudeservetoknow-5376ae93-a67c-11f1-83b0-45b790b0d3a5
2026-09-02 02:52:17,2454,"聯發科目標價喊上6,800元！法人到底在重算什麼？ - CMoney投資網誌",CMoney投資網誌,https://cmnews.com.tw/article/cmoney-4f4b191e-a679-11f1-88dd-806141e96c93
2026-09-02 02:49:00,2454,台股盤中一度跌700點！台積電跌50元 聯發科逆勢漲7% - TVBS新聞網,TVBS新聞網,https://news.tvbs.com.tw/life/4016163
2026-09-02 02:42:56,2454,輝達砸千億投資聯發科！「發哥概念ETF」掀搶購潮00935今年報酬翻倍最吸金| 存股族愛ETF | 股市 - UDN,UDN,https://udn.com/news/story/123006/9729022
2026-09-02 02:10:00,2454,目標價狂喊6800元！輝達35億美元豪押聯發科 大摩列「首選」：2028年ASIC還能再上修 - FTNN 新聞,FTNN 新聞,https://www.ftnn.com.tw/news/575299
2026-09-02 01:51:58,2454,快訊／台股不妙開盤下跌366點 聯發科不受影響漲165元 - tw.news.yahoo.com,tw.news.yahoo.com,https://tw.news.yahoo.com/%E5%BF%AB%E8%A8%8A-%E5%8F%B0%E8%82%A1%E4%B8%8D%E5%A6%99%E9%96%8B%E7%9B%A4%E4%B8%8B%E8%B7%8C366%E9%BB%9E-%E8%81%AF%E7%99%BC%E7%A7%91%E4%B8%8D%E5%8F%97%E5%BD%B1%E9%9F%BF%E6%BC%B2165%E5%85%83-011000800.html
2026-09-02 01:43:59,2454,焦點股》聯發科：隔日沖客出場 上檔壓力浮現 - ec.ltn.com.tw,ec.ltn.com.tw,https://ec.ltn.com.tw/article/breakingnews/5560164
2026-09-02 01:37:56,2454,《價值型投資 最新產業研究報告》聯發科 (2454-TW) 輝達入股深化合作，機櫃級人工智慧開啟新成長 - 鉅亨網,鉅亨網,https://m.cnyes.com/news/print/6593805
2026-09-02 01:35:00,2454,這「發哥集團股」開盤鎖死連2根！聯發科續旺勁揚4％ 「測試介面廠」沾光噴1460元亮燈 - FTNN 新聞,FTNN 新聞,https://www.ftnn.com.tw/news/575345
2026-09-02 01:17:41,2454,台積電回測5日線！台股開低一度急跌近380點 聯發科領軍抗空 - UDN,UDN,https://udn.com/news/story/7251/9728831
2026-09-02 01:15:00,2454,台積電下跌20元台股早盤震盪拉回逾300點聯發科再飆5％ 封測、化學逆勢揚- 證券 - 工商時報,工商時報,https://www.ctee.com.tw/news/20260902700714-430201
2026-09-02 01:10:00,2454,快訊／台股不妙開盤下跌366點 聯發科不受影響漲165元 - Life 生活網,Life 生活網,https://life.tw/article/%E5%BF%AB%E8%A8%8A%E5%8F%B0%E8%82%A1%E4%B8%8D%E5%A6%99%E9%96%8B%E7%9B%A4%E4%B8%8B%E8%B7%8C366%E9%BB%9E-%E8%81%AF%E7%99%BC%E7%A7%91%E4%B8%8D%E5%8F%97%E5%BD%B1%E9%9F%BF%E6%BC%B2165%E5%85%83-3136647
2026-09-02 01:07:43,2454,別只看聯發科！ 輝達引爆5倍AI革命，「這些股」將成9月下一匹黑馬 - news.cnyes.com,news.cnyes.com,https://news.cnyes.com/news/id/6594823
2026-09-01 21:31:29,2454,熱門股》輝達1108億加持 聯發科漲停 - stock.ltn.com.tw,stock.ltn.com.tw,https://stock.ltn.com.tw/article/6fejelrqr3y7
2026-09-01 16:01:35,2454,黃仁勳點讚蔡力行 內外資全衝聯發科 - 三立新聞網SETN.com,三立新聞網SETN.com,https://inews.setn.com/news/1899879
2026-09-01 14:15:00,2454,輝達斥資千億入股！聯發科飆漲停帶飛達發齊亮燈 光通訊業務拚年增逾4倍 - ftnn.com.tw,ftnn.com.tw,https://www.ftnn.com.tw/news/575233
2026-09-01 12:46:40,2454,輝達與聯發科親上加親 黃仁勳砸35億美元看上了什麼？ | 產業熱點 | 產業 - 經濟日報,經濟日報,https://money.udn.com/money/story/5612/9728141
2026-09-01 12:04:15,2454,三大法人回補561億！台股9月開門飆820點 聯發科亮燈還引爆哪些族群？ - Yahoo新聞,Yahoo新聞,https://tw.news.yahoo.com/%E4%B8%89%E5%A4%A7%E6%B3%95%E4%BA%BA%E5%9B%9E%E8%A3%9C561%E5%84%84-%E5%8F%B0%E8%82%A19%E6%9C%88%E9%96%8B%E9%96%80%E9%A3%86820%E9%BB%9E-%E8%81%AF%E7%99%BC%E7%A7%91%E4%BA%AE%E7%87%88%E9%82%84%E5%BC%95%E7%88%86%E5%93%AA%E4%BA%9B%E6%97%8F%E7%BE%A4-120415052.html
2026-09-01 11:43:44,2454,輝達砸千億認購9成！聯發科漲停4315元還能追嗎？郭哲榮喊：上看5000元 - 三立新聞網SETN.com,三立新聞網SETN.com,https://inews.setn.com/news/1899856
2026-09-01 11:29:09,2454,"最大韭菜？聯發科漲停前皇翔建設處分175張、損失1,475萬元| 個股情報| 股市 - UDN",UDN,https://udn.com/news/story/7252/9727944
2026-09-01 11:29:09,2454,"最大韭菜？聯發科漲停前 皇翔建設處分175張、損失1,475萬元 - UDN",UDN,https://udn.com/news/amp/story/7252/9727944
2026-09-01 10:55:00,2454,9／1台股雷達｜聯發科、京元電、全新啖利多上漲原因一次看- 證券 - 工商時報,工商時報,https://www.ctee.com.tw/news/20260901702075-430204
2026-09-01 10:28:00,2454,輝達投資聯發科35億元ECB 今漲停回應 - 蕃新聞,蕃新聞,https://n.yam.com/Article/20260901846253
2026-09-01 10:27:06,2454,輝達投資聯發科 35 億美元，引爆下個 AI 投資趨勢！-Alpha's Newsletter - CMoney投資網誌,CMoney投資網誌,https://cmnews.com.tw/article/alphasnewsletter-ae914942-a5ef-11f1-b083-3f11d448a61f
2026-09-01 10:00:00,2454,台積電回測5日線！台股開低一度急跌近380點 聯發科領軍抗空 - 經濟日報,經濟日報,https://money.udn.com/money/story/5607/9728831
2026-09-01 09:26:56,2454,輝達35億美元投資聯發科 十年合作劍指客製AI晶片市場 - 科技新聞 - PChome Online 新聞 - PChome Online 新聞,PChome Online 新聞,https://news.pchome.com.tw/science/technice/20260901/index-78825481691831338005.html
2026-09-01 08:37:45,2454,輝達、Alphabet雙巨頭砸錢力挺 外資解析聯發科將迎這些大利多 - UDN,UDN,https://udn.com/news/story/7251/9727605
2026-09-01 08:20:57,2454,輝達千億投資聯發科！哪些聯發科ETF最受惠？009802、00935等10檔一次看 | 數位時代 - LINE TODAY,LINE TODAY,https://today.line.me/tw/v3/article/aGRKar8
2026-09-01 08:20:00,2454,睽違2個月「台指期衝破47K」輝達注資大補血！聯發科供應鏈發燙 台股成交量重返兆元級 - Yahoo股市,Yahoo股市,https://tw.stock.yahoo.com/news/%E7%9D%BD%E9%81%952%E5%80%8B%E6%9C%88-%E5%8F%B0%E6%8C%87%E6%9C%9F%E8%A1%9D%E7%A0%B447k-%E8%BC%9D%E9%81%94%E6%B3%A8%E8%B3%87%E5%A4%A7%E8%A3%9C%E8%A1%80-%E8%81%AF%E7%99%BC%E7%A7%91%E4%BE%9B%E6%87%89%E9%8F%88%E7%99%BC%E7%87%99-%E5%8F%B0%E8%82%A1%E6%88%90%E4%BA%A4%E9%87%8F%E9%87%8D%E8%BF%94%E5%85%86%E5%85%83%E7%B4%9A-082000869.html
2026-09-01 08:20:00,2454,睽違2個月「台指期衝破47K」輝達注資大補血！聯發科供應鏈發燙 台股成交量重返兆元級 - FTNN 新聞網,FTNN 新聞網,https://www.ftnn.com.tw/news/575207
2026-09-01 07:42:34,2454,輝達砸35億美元入股聯發科！台積電、日月光同步受惠，AI晶片結盟升級｜股市話題｜豐雲學堂2026 年 08 月 - sinotrade.com.tw,sinotrade.com.tw,https://www.sinotrade.com.tw/richclub/hotstock/%E8%BC%9D%E9%81%94%E7%A0%B835%E5%84%84%E7%BE%8E%E5%85%83%E8%AA%8D%E8%B3%BC%E8%81%AF%E7%99%BC%E7%A7%91%E5%8F%AF%E8%BD%89%E5%82%B5-%E5%8F%B0%E7%A9%8D%E9%9B%BB-%E6%97%A5%E6%9C%88%E5%85%89%E5%90%8C%E6%AD%A5%E9%BB%9E%E7%81%AB-AI%E6%99%B6%E7%89%87%E7%B5%90%E7%9B%9F%E5%8D%87%E7%B4%9A-%E8%82%A1%E5%B8%82%E8%A9%B1%E9%A1%8C-6a9618f6a9d77c0b187bfb90?strProd=0068&strWeb=0090
2026-09-01 07:15:56,2454,輝達、聯發科深化結盟 大摩三理由看好台灣半導體 00891帶量收復季線 - UDN,UDN,https://udn.com/news/story/7240/9727362
2026-09-01 07:13:05,2454,三大法人回補561億！台股9月開門飆820點 聯發科亮燈還引爆哪些族群？ - UDN,UDN,https://udn.com/news/story/7251/9727349?from=udn-relatednews_ch2
2026-09-01 07:06:42,2454,輝達加碼聯發科帶旺AI股 0056盤中衝破55元寫新天價 - ec.ltn.com.tw,ec.ltn.com.tw,https://ec.ltn.com.tw/article/breakingnews/5559368
2026-09-01 06:54:00,2454,聯發科ETF有哪些？009802、00403A入列，10檔高權重名單一次看 - 數位時代,數位時代,https://www.bnext.com.tw/article/92081/mediatek-etf-list-2026
2026-09-01 06:35:00,2454,聯發科漲停助攻！台股大漲820點 台積電收2440元 - Yahoo股市,Yahoo股市,https://tw.stock.yahoo.com/news/%E8%81%AF%E7%99%BC%E7%A7%91%E6%BC%B2%E5%81%9C%E5%8A%A9%E6%94%BB-%E5%8F%B0%E8%82%A1%E5%A4%A7%E6%BC%B2820%E9%BB%9E-%E5%8F%B0%E7%A9%8D%E9%9B%BB%E6%94%B62440%E5%85%83-060549282.html
2026-09-01 06:26:41,2454,輝達砸35億美元、台股飆700點！黃仁勳押注聯發科背後，IC設計族群全面點火——誰是最大贏家？ - CMoney投資網誌,CMoney投資網誌,https://cmnews.com.tw/article/cmoney-18057a29-a5ce-11f1-80f6-fb6a1cb6216f
2026-09-01 06:26:13,2454,2454 聯發科 - 《彭博》訪談黃仁勳與蔡力行全文！輝達35億美元投資聯發科解讀- 股市爆料同學會 - cmoney.tw,cmoney.tw,https://www.cmoney.tw/forum/article/183699104
2026-09-01 06:12:00,2454,黃爸爸帶飛聯發科！懶人包來了「14檔有7檔亮燈」受惠股整理一次看 整條供應鏈紅到發燙 - ftnn.com.tw,ftnn.com.tw,https://www.ftnn.com.tw/news/575145
2026-09-01 06:08:23,2454,台股狂飆820點收最高！聯發科強攻漲停、日月光漲4% 台積電開低走高漲35元 - Yahoo股市,Yahoo股市,https://tw.stock.yahoo.com/news/%E5%8F%B0%E8%82%A1%E7%8B%82%E9%A3%86820%E9%BB%9E%E6%94%B6%E6%9C%80%E9%AB%98-%E8%81%AF%E7%99%BC%E7%A7%91%E5%BC%B7%E6%94%BB%E6%BC%B2%E5%81%9C-%E6%97%A5%E6%9C%88%E5%85%89%E6%BC%B24-%E5%8F%B0%E7%A9%8D%E9%9B%BB%E9%96%8B%E4%BD%8E%E8%B5%B0%E9%AB%98%E6%BC%B235%E5%85%83-060000938.html
2026-09-01 06:06:00,2454,外資觀點：聯發科CB獲輝達認購，三外資力挺，亞系外資目標價上看萬元 - 東森電視,東森電視,https://fnc.ebc.net.tw/fncnews/stock/217334
2026-09-01 06:05:49,2454,快新聞／聯發科漲停助攻！台股大漲820點 台積電收2440元 - 民視財經網,民視財經網,https://finance.ftvnews.com.tw/news/detail/2026901W0366
2026-09-01 05:36:24,2454,聯發科漲停帶動！台股收漲820點「劍指47K」 台積電收2440元 - 台視新聞網,台視新聞網,https://news.ttv.com.tw/news/11509010001300W
2026-09-01 05:22:08,2454,輝達豪砸1100億力挺ECB！聯發科飆漲停逾2.5萬張買單等進場 AI 7檔同步亮燈 - Yahoo股市,Yahoo股市,https://tw.stock.yahoo.com/news/%E8%BC%9D%E9%81%94%E8%B1%AA%E7%A0%B81100%E5%84%84%E5%8A%9B%E6%8C%BAecb-%E8%81%AF%E7%99%BC%E7%A7%91%E9%A3%86%E6%BC%B2%E5%81%9C%E9%80%BE2-5%E8%90%AC%E5%BC%B5%E8%B2%B7%E5%96%AE%E7%AD%89%E9%80%B2%E5%A0%B4-ai-7%E6%AA%94%E5%90%8C%E6%AD%A5%E4%BA%AE%E7%87%88-051500641.html
2026-09-01 05:16:00,2454,黃爸爸帶飛「聯發科ETF們」 009802猛漲5.8% - 知新聞,知新聞,https://www.knews.com.tw/news/ECD1D532DD636A50FA6477BCC02ACAC8
2026-09-01 04:55:54,2454,黃仁勳、Google搶當債主！聯發科39億美元ECB銀彈砸向哪？「3大核心受惠股全解析」市場驚呼：這1檔爭議載板股竟然也有份 - wantrich.chinatimes.com,wantrich.chinatimes.com,https://wantrich.chinatimes.com/news/20260901900366-420101
2026-09-01 04:51:48,2454,主動式ETF才剛減碼! 聯發科獲輝達加持今跳空漲停、2.5萬張買單搶不到| 財經焦點 - taisounds.com,taisounds.com,https://www.taisounds.com/news/content/76/286284
2026-09-01 04:49:49,2454,《DJ在線》NVIDIA投資效應，聯發科集團軍迎AI商機 - 台視全球資訊網,台視全球資訊網,https://www.ttv.com.tw/finance/view/0920260111028886C33028B846848E09BCCE8D98781BDC50/587
2026-09-01 04:45:06,2454,聯發科（2454）-輝達35億美元ECB入股，資料中心題材的重新定價｜豐雲學堂 2026 年 08 月 - sinotrade.com.tw,sinotrade.com.tw,https://www.sinotrade.com.tw/richclub/StockNavigator/%E8%81%AF%E7%99%BC%E7%A7%91-2454--%E8%BC%9D%E9%81%9435%E5%84%84%E7%BE%8E%E5%85%83ECB%E5%85%A5%E8%82%A1-%E8%B3%87%E6%96%99%E4%B8%AD%E5%BF%83%E9%A1%8C%E6%9D%90%E7%9A%84%E9%87%8D%E6%96%B0%E5%AE%9A%E5%83%B9-6a96222bdea2060b913e4e9b
2026-09-01 04:36:00,2454,▲外資觀點：聯發科CB獲輝達認購，三外資力挺，亞系外資目標價上看萬元 - 富聯網,富聯網,https://ww2.money-link.com.tw/RealtimeNews/NewsContent.aspx?SN=2414809002&PU=0010
2026-09-01 04:30:00,2454,美伊再交火無礙行情 台股大漲6百點 輝達結盟聯發科鎖漲停 - Yahoo新聞,Yahoo新聞,https://tw.news.yahoo.com/%E7%BE%8E%E4%BC%8A%E5%86%8D%E4%BA%A4%E7%81%AB%E7%84%A1%E7%A4%99%E8%A1%8C%E6%83%85-%E5%8F%B0%E8%82%A1%E5%A4%A7%E6%BC%B26%E7%99%BE%E9%BB%9E-%E8%BC%9D%E9%81%94%E7%B5%90%E7%9B%9F%E8%81%AF%E7%99%BC%E7%A7%91%E9%8E%96%E6%BC%B2%E5%81%9C-014300355.html
2026-09-01 04:10:02,2454,摩根大通：Google TPU 訂單逐漸集中聯發科，博通市佔恐遭超車 - 鏈新聞 ABMedia,鏈新聞 ABMedia,https://abmedia.io/google-tpu-mediatek-broadcom
2026-09-01 04:07:52,2454,兩巨頭同台秀25年兄弟情！談千億買聯發科ECB：為十年合作藍圖 | 三立新聞網 - LINE TODAY,LINE TODAY,https://today.line.me/tw/v3/article/gzRK7ZX
2026-09-01 04:00:50,2454,2454 聯發科 - 八月3千點獲利😇月月千點入袋💕避險作帳買超跌股🌟 - 股市爆料同學會 - cmoney.tw,cmoney.tw,https://www.cmoney.tw/forum/article/183679124
2026-09-01 03:52:00,2454,聯發科、信驊、緯穎、大立光…萬金千金股狂秀漲停、景碩南電穩住，杜金龍喊它跑贏大盤，9月開局怎麼買 - 今周刊,今周刊,https://www.businesstoday.com.tw/article/category/183008/post/202609010015/
2026-09-01 03:49:34,2454,聯發科萬金鋪路？家有喜事 集團連閃紅燈歡慶 - 中時新聞網,中時新聞網,https://www.chinatimes.com/realtimenews/20260901002015-260410?ctrack=pc_main_rtime_p01
2026-09-01 03:41:34,2454,輝達砸35億美元入股聯發科！台積電、日月光同步受惠，AI晶片結盟升級｜股市話題｜豐雲學堂2026 年 08 月 - sinotrade.com.tw,sinotrade.com.tw,https://www.sinotrade.com.tw/richclub/hotstock/%E8%BC%9D%E9%81%94%E7%A0%B835%E5%84%84%E7%BE%8E%E5%85%83%E8%AA%8D%E8%B3%BC%E8%81%AF%E7%99%BC%E7%A7%91%E5%8F%AF%E8%BD%89%E5%82%B5-%E5%8F%B0%E7%A9%8D%E9%9B%BB-%E6%97%A5%E6%9C%88%E5%85%89%E5%90%8C%E6%AD%A5%E9%BB%9E%E7%81%AB-AI%E6%99%B6%E7%89%87%E7%B5%90%E7%9B%9F%E5%8D%87%E7%B4%9A-%E8%82%A1%E5%B8%82%E8%A9%B1%E9%A1%8C-6a9618f6a9d77c0b187bfb90?strProd=0210&strWeb=0090&invt=&s=
2026-09-01 03:36:00,2454,輝達投資聯發科!豪擲千億入股，台股2454跳空漲停 - ebc.com,ebc.com,https://www.ebc.com/zh/jinrong/309020.html
2026-09-01 03:30:39,2454,聯發科一開盤就鎖漲停，輝達35億美元到底看上什麼？ - cmnews.com.tw,cmnews.com.tw,https://cmnews.com.tw/article/cmoney-80a73f4b-a5b5-11f1-ab48-a17e7b6d4338
2026-09-01 03:30:08,2454,聯發科從ASIC衝向整座AI工廠！知名分析師郭明錤揭轉型密碼 - 中時新聞網,中時新聞網,https://www.chinatimes.com/realtimenews/20260901002260-260410
2026-09-01 03:26:39,2454,焦點股》達發：富爸爸聯發科帶飛 開盤衝漲停 - ec.ltn.com.tw,ec.ltn.com.tw,https://ec.ltn.com.tw/article/breakingnews/5558962
2026-09-01 03:25:00,2454,《熱門族群》聯發科從ASIC衝向整座AI工廠！郭明錤揭轉型密碼 - 富聯網,富聯網,https://ww2.money-link.com.tw/realtimenews/NewsContent.aspx?SN=6288021001&PU=1002
2026-09-01 03:23:09,2454,《價值型投資 最新產業研究報告》聯發科 (2454-TW) 輝達入股深化合作，機櫃級人工智慧開啟新成長 - cnyes.com,cnyes.com,https://m.cnyes.com/news/id/6593805
2026-09-01 03:23:09,2454,《價值型投資 最新產業研究報告》聯發科 (2454-TW) 輝達入股深化合作，機櫃級人工智慧開啟新成長 - news.cnyes.com,news.cnyes.com,https://news.cnyes.com/news/id/6593805
2026-09-01 03:06:43,2454,聯發科（2454）股價預測：現在能上車嗎？ - top1markets.com,top1markets.com,https://www.top1markets.com/tw/insights/stocks/mediatek-mtk-2454-stock-analysis-prediction-2026-to-2030-is-it-a-good-buy-f28
2026-09-01 03:05:26,2454,【即時新聞】聯發科(2454)獲輝達注資跳空漲停！AI巨頭搶卡位，散戶還能追嗎？ - cmnews.com.tw,cmnews.com.tw,https://cmnews.com.tw/article/newsyoudeservetoknow-fae7ea46-a5b1-11f1-90a1-f6bea4e1a1f4
2026-09-01 03:03:23,2454,【即時新聞】聯發科(2454)獲輝達重金注資跳空漲停！AI題材發酵，後市還能追嗎？ - cmnews.com.tw,cmnews.com.tw,https://cmnews.com.tw/article/newsyoudeservetoknow-b1f1ad72-a5b1-11f1-bc2e-8659a5f1a406
2026-09-01 03:02:00,2454,《DJ在線》NVIDIA投資效應，聯發科集團軍迎AI商機 - moneydj.com,moneydj.com,https://www.moneydj.com/kmdj/news/newsviewer.aspx?a=bf237c4b-c788-49b9-bc7c-9500fc1f1114
2026-09-01 02:46:44,2454,2454 聯發科 - 與輝達親上加親聯發科盤中股價攻漲停- 股市爆料同學會 - CMoney,CMoney,https://www.cmoney.tw/forum/article/183665982
2026-09-01 02:44:00,2454,輝達豪砸1108億認購9成力挺！聯發科領8檔亮燈漲停 花旗喊6800元、大摩升評「超越大盤」 - FTNN 新聞網,FTNN 新聞網,https://www.ftnn.com.tw/news/575047
2026-09-01 02:43:00,2454,《盤中解析》聯發科飆漲停、台積電翻紅 台股開門紅狂飆直逼46820 - 富聯網,富聯網,https://ww2.money-link.com.tw/RealtimeNews/NewsContent.aspx?SN=6287967001&PU=0010
2026-09-01 02:40:26,2454,輝達砸35億美元投資「聯發科股價跳空漲停」　台股早盤大漲逾400點！ | 財經 | CTWANT - ctwant.com,ctwant.com,https://www.ctwant.com/article/495983/
2026-09-01 02:38:06,2454,聯發科攻漲停帶動009802盤中爆量飆5% 強壓大盤 - udn,udn,https://udn.com/news/story/123006/9726506
2026-09-01 02:37:20,2454,與輝達親上加親 聯發科盤中股價攻漲停 - money.udn.com,money.udn.com,https://money.udn.com/money/story/5710/9726505?from=edn_newestlist_rank
2026-09-01 02:37:20,2454,與輝達親上加親 聯發科盤中股價攻漲停 - 經濟日報,經濟日報,https://money.udn.com/money/story/5710/9726505
2026-09-01 02:37:18,2454,與輝達親上加親 聯發科盤中股價攻漲停 - UDN,UDN,https://udn.com/news/story/7252/9726505
2026-09-01 02:34:00,2454,聯發科突飆漲停高掛2.6萬張買單！發海外可轉債5年「0%利率」還有人搶背後是輝達砸35億美元 - FTNN 新聞網,FTNN 新聞網,https://www.ftnn.com.tw/news/575026
2026-09-01 02:34:00,2454,分析｜聯發科是輝達最大海外投資 解密背後戰略強強聯手下一步 - 知新聞,知新聞,https://www.knews.com.tw/news/529D44CEB93B22AD1E3A1CC740D35B0A
2026-09-01 02:32:57,2454,聯發科「抱緊」輝達、Google兩大巨頭！股價跳空漲停衝4315元 兩大咖外資看嗨AI新版圖：目標價最高喊6800元 - 旺得富理財網,旺得富理財網,https://wantrich.chinatimes.com/news/20260901900253-420101
2026-09-01 02:32:34,2454,《半導體》輝達35億美元重押聯發科！三外資搶喊多、最高看1萬元- 上市櫃 - wantrich.chinatimes.com,wantrich.chinatimes.com,https://wantrich.chinatimes.com/news/20260901900231-420101
2026-09-01 02:30:32,2454,輝達投資聯發科35億元ECB 今漲停回應 - 理財周刊,理財周刊,https://www.moneyweekly.com.tw/ArticleData/Info/Article/246130
2026-09-01 02:28:46,2454,輝達投資聯發科35億元ECB 今漲停回應 - 商傳媒,商傳媒,https://sunmedia.tw/news/collaborative/807JEeiJNfFv85gtpSGPqBpn3i
2026-09-01 02:28:31,2454,輝達投資聯發科35億鎂！今早發哥股價漲停鎖死，黃仁勳：不是循環融資 - 加密城市CryptoCity,加密城市CryptoCity,https://www.cryptocity.tw/news/nvidia-invests-3.5-billion-in-mediatek-stock-rise
2026-09-01 02:22:03,2454,《DJ在線》輝達千億綁樁聯發科 台測試供應鏈雨露均霑 - Yahoo股市,Yahoo股市,https://tw.stock.yahoo.com/news/dj%E5%9C%A8%E7%B7%9A-%E8%BC%9D%E9%81%94%E5%8D%83%E5%84%84%E7%B6%81%E6%A8%81%E8%81%AF%E7%99%BC%E7%A7%91-%E5%8F%B0%E6%B8%AC%E8%A9%A6%E4%BE%9B%E6%87%89%E9%8F%88%E9%9B%A8%E9%9C%B2%E5%9D%87%E9%9C%91-005900924.html
2026-09-01 02:20:08,2454,"【09/01券商評等報告彙整】聯發科(2454) 今日有2家券商發布績效評等報告皆評等為看多，目標價區間為4,515～5,230元。 - cmnews.com.tw",cmnews.com.tw,https://cmnews.com.tw/article/cmoneyaicurator-a6c9e097-a5ab-11f1-a060-96bba45fcb03
2026-09-01 02:20:03,2454,"【09/01券商評等報告彙整】聯發科(2454) 今日有2家券商發布績效評等報告皆評等為看多，目標價區間為4,515～5,230元。 - CMoney",CMoney,https://www.cmoney.tw/notes/note-detail.aspx?nid=1259338
2026-09-01 02:14:17,2454,輝達砸千億認購海外可轉債！聯發科開盤股價一字鎖漲停 | Newtalk - LINE TODAY,LINE TODAY,https://today.line.me/tw/v3/article/VxRXPjy
2026-09-01 02:13:14,2454,輝達豪擲 35 億美元認購聯發科 ECB！Alphabet 亦參投，創紀錄發行條件為何？ - 鏈新聞 ABMedia,鏈新聞 ABMedia,https://abmedia.io/mediatek-ecb-nvidia-alphabet
2026-09-01 02:05:48,2454,2454 聯發科 - 輝達斥資逾千億投資聯發科兩大外資最新看法來了- 股市爆料同學會 - CMoney,CMoney,https://www.cmoney.tw/forum/article/183658643
2026-09-01 02:05:24,2454,輝達豪撒千億力挺、聯發科開盤即漲停鎖死！ 黃仁勳這次看上什麼？ - tw.news.yahoo.com,tw.news.yahoo.com,https://tw.news.yahoo.com/%E8%BC%9D%E9%81%94%E8%B1%AA%E6%92%92%E5%8D%83%E5%84%84%E5%8A%9B%E6%8C%BA-%E8%81%AF%E7%99%BC%E7%A7%91%E9%96%8B%E7%9B%A4%E5%8D%B3%E6%BC%B2%E5%81%9C%E9%8E%96%E6%AD%BB-%E9%BB%83%E4%BB%81%E5%8B%B3%E9%80%99%E6%AC%A1%E7%9C%8B%E4%B8%8A%E4%BB%80%E9%BA%BC-014506882.html
2026-09-01 01:58:06,2454,聯發科一字鎖漲停！輝達砸35億美元注資加持 分析師樂看：黃仁勳點石成金 - Yahoo股市,Yahoo股市,https://tw.stock.yahoo.com/news/%E8%81%AF%E7%99%BC%E7%A7%91%E4%B8%80%E5%AD%97%E9%8E%96%E6%BC%B2%E5%81%9C%EF%BC%81%E8%BC%9D%E9%81%94%E7%A0%B835%E5%84%84%E7%BE%8E%E5%85%83%E6%B3%A8%E8%B3%87%E5%8A%A0%E6%8C%81-%E5%88%86%E6%9E%90%E5%B8%AB%E6%A8%82%E7%9C%8B%EF%BC%9A%E9%BB%83%E4%BB%81%E5%8B%B3%E9%BB%9E%E7%9F%B3%E6%88%90%E9%87%91-015438994.html
2026-09-01 01:55:00,2454,輝達砸千億「準入股」聯發科！股價秒鎖漲停法人預告股價還有大行情- 證券 - ctee.com.tw,ctee.com.tw,https://www.ctee.com.tw/news/20260901700733-430201
2026-09-01 01:48:52,2454,輝達斥資35億美元押注聯發科（2454）！台股AI供應鏈再添重磅聯盟！後市怎麼看？ - top1markets.com,top1markets.com,https://www.top1markets.com/tw/news/nvidia-to-invest-in-chipmaker-mediatek-2454-ecb-nvlink-fusion-analysis-f28
2026-09-01 01:47:00,2454,快訊／聯發科「富爸爸」輝達千億加持　漲停委買逾2.6萬張 - ETtoday財經雲,ETtoday財經雲,https://finance.ettoday.net/news/3229225
2026-09-01 01:45:20,2454,快訊／台股開盤大漲逾500點 聯發科暴衝390元漲停 - Yahoo新聞,Yahoo新聞,https://tw.news.yahoo.com/%E5%BF%AB%E8%A8%8A-%E5%8F%B0%E8%82%A1%E9%96%8B%E7%9B%A4%E5%A4%A7%E6%BC%B2%E9%80%BE500%E9%BB%9E-%E8%81%AF%E7%99%BC%E7%A7%91%E6%9A%B4%E8%A1%9D390%E5%85%83%E6%BC%B2%E5%81%9C-011200717.html
2026-09-01 01:45:06,2454,輝達豪撒千億力挺、聯發科開盤即漲停鎖死！ 黃仁勳這次看上什麼？ - Newtalk新聞,Newtalk新聞,https://newtalk.tw/news/view/2026-09-01/1056981
2026-09-01 01:43:00,2454,美伊再交火無礙行情 台股大漲6百點 輝達結盟聯發科鎖漲停 - 緯來新聞網,緯來新聞網,https://news.videoland.com.tw/article/e429784d-182c-4520-a9f3-d484a3b6129f.html
2026-09-01 01:38:00,2454,聯發科點名AI供應鏈挑戰HBM、載板皆面臨瓶頸- 新聞 - MoneyDJ,MoneyDJ,https://www.moneydj.com/kmdj/news/newsviewer.aspx?a=96fe2905-3870-44f7-bddc-f57c1f4e1a4a
2026-09-01 01:35:00,2454,黃仁勳35億美元送大禮！聯發科（2454）今飆4315元…鄉民昨晚嗨喊鎖死 - UDN,UDN,https://udn.com/news/story/12806/9726301
2026-09-01 01:35:00,2454,《台北股市》輝達入股激勵聯發科漲停 催動千金股行情 - 富聯網,富聯網,https://ww2.money-link.com.tw/realtimenews/NewsContent.aspx?SN=6287877001&PU=1002
2026-09-01 01:35:00,2454,黃仁勳35億美元送大禮！聯發科（2454）今飆4315元…鄉民昨晚嗨喊鎖死 - udn,udn,https://udn.com/news/amp/story/12806/9726301
2026-09-01 01:33:00,2454,輝達砸1100億點火！聯發科開盤狂飆漲停 3萬張排隊搶 - news.tvbs.com.tw,news.tvbs.com.tw,https://news.tvbs.com.tw/money/4015685
2026-09-01 01:32:14,2454,【09/01 產業即時新聞】無線耳機股價強勢噴發，聯發科領軍帶動族群人氣回溫 - cmnews.com.tw,cmnews.com.tw,https://cmnews.com.tw/article/cmoneyairesearcher-f5c6df98-a5a4-11f1-bba4-585f5389d103
2026-09-01 01:31:39,2454,【09/01 產業即時新聞】快速充電族群漲勢凌厲，聯發科急拉近漲停引爆IC設計股買氣 - cmnews.com.tw,cmnews.com.tw,https://cmnews.com.tw/article/cmoneyairesearcher-e0e332b1-a5a4-11f1-8ea0-ca8936b10a4d
2026-09-01 01:29:03,2454,焦點股》聯發科：輝達「真金白銀」投資逾千億元 開盤漲停一字鎖 - 自由時報,自由時報,https://stock.ltn.com.tw/article/c6sjcgjfrwya
2026-09-01 01:27:23,2454,焦點股》聯發科：輝達「真金白銀」投資逾千億元 開盤漲停一字鎖 - ec.ltn.com.tw,ec.ltn.com.tw,https://ec.ltn.com.tw/article/breakingnews/5558818
2026-09-01 01:26:04,2454,輝達砸千億投資 聯發科跳空漲停鎖死 排隊買單逾2.6萬張 - money.udn.com,money.udn.com,https://money.udn.com/money/story/5710/9726288
2026-09-01 01:26:03,2454,輝達砸千億投資 聯發科跳空漲停鎖死 排隊買單逾2.6萬張 - UDN,UDN,https://udn.com/news/story/7252/9726288
2026-09-01 01:22:35,2454,《半導體》黃仁勳重押聯發科砸35億美元三大AI戰線全面升級- 上市櫃 - 旺得富理財網,旺得富理財網,https://wantrich.chinatimes.com/news/20260901900033-420101
2026-09-01 01:19:00,2454,欣興人道走廊開啟！台股9月開門紅再奔反彈新高聯發科飆漲停- 證券 - ctee.com.tw,ctee.com.tw,https://www.ctee.com.tw/news/20260901700652-430201
2026-09-01 01:18:09,2454,【09:17 即時新聞】聯發科(2454)亮燈漲停4315元，輝達與Alphabet資金加持＋短線籌碼回補助攻 - cmnews.com.tw,cmnews.com.tw,https://cmnews.com.tw/article/cmoneyairesearcher-fe986619-a5a2-11f1-97e9-a5758a3b0a71
2026-09-01 01:15:42,2454,聯發科跳空漲停、欣興甩開跌停！台股9月首日開高一度急拉近520點 - UDN,UDN,https://udn.com/news/story/7251/9726271
2026-09-01 01:12:00,2454,輝達35億美元投資點火！聯發科開盤飆漲停 股價重返4字頭 - 壹蘋新聞網,壹蘋新聞網,https://news.nextapple.com/finance/20260901/3F988B12E47D72CB8DD09851558018F9
2026-09-01 01:12:00,2454,快訊／台股開盤大漲逾500點 聯發科暴衝390元漲停 - 上報Up Media,上報Up Media,https://www.upmedia.mg/tw/focus/finance/267674
2026-09-01 01:11:56,2454,聯發科亮燈漲停 衝刺千金股前十名 - 經濟日報,經濟日報,https://money.udn.com/money/story/5710/9726260
2026-09-01 01:11:55,2454,聯發科亮燈漲停 衝刺千金股前十名 - udn,udn,https://udn.com/news/story/7252/9726260
2026-09-01 01:10:30,2454,輝達入股點火 聯發科開盤直鎖漲停 - money.udn.com,money.udn.com,https://money.udn.com/money/story/5710/9726259
2026-09-01 01:10:25,2454,輝達入股點火 聯發科開盤直鎖漲停 - UDN,UDN,https://udn.com/news/story/7252/9726259?from=udn-relatednews_ch2
2026-09-01 01:09:33,2454,聯發科股價漲停逾3萬張追買！輝達35億美元認ECB，黃仁勳出手理由：認識蔡力行25年，這投資會有可觀回報 - businesstoday.com.tw,businesstoday.com.tw,https://www.businesstoday.com.tw/article/category/183015/post/202608310052/
2026-09-01 01:03:34,2454,輝達斥資逾千億投資聯發科 兩大外資最新看法來了 - Yahoo新聞,Yahoo新聞,https://tw.news.yahoo.com/%E8%BC%9D%E9%81%94%E6%96%A5%E8%B3%87%E9%80%BE%E5%8D%83%E5%84%84%E6%8A%95%E8%B3%87%E8%81%AF%E7%99%BC%E7%A7%91-%E5%85%A9%E5%A4%A7%E5%A4%96%E8%B3%87%E6%9C%80%E6%96%B0%E7%9C%8B%E6%B3%95%E4%BE%86%E4%BA%86-005157878.html
2026-09-01 00:59:00,2454,《DJ在線》輝達千億綁樁聯發科 台測試供應鏈雨露均霑 - 新聞 - MoneyDJ,MoneyDJ,https://www.moneydj.com/kmdj/news/newsviewer.aspx?a=f3efa8cb-512c-404a-8e13-9a2419144adc
2026-09-01 00:51:57,2454,輝達斥資逾千億投資聯發科 兩大外資最新看法來了 - 自由財經,自由財經,https://ec.ltn.com.tw/article/breakingnews/5558773
2026-09-01 00:16:31,2454,09/01 台股盤前：輝達砸35億美元認購聯發科，費半逆勢漲0.57%，台股AI能抗總經利空？ - CMoney投資網誌,CMoney投資網誌,https://cmnews.com.tw/article/cmoney-62263828-a59a-11f1-b571-98b64ac6faad?utm_source=forum_article&utm_medium=article_link
2026-09-01 00:16:31,2454,09/01 台股盤前：輝達砸35億美元認購聯發科，費半逆勢漲0.57%，台股AI能抗總經利空？ - cmnews.com.tw,cmnews.com.tw,https://cmnews.com.tw/article/cmoney-62263828-a59a-11f1-b571-98b64ac6faad
2026-09-01 00:08:00,2454,《個股重大訊息》個股動態：聯發科、台積電、正崴 - 富聯網,富聯網,https://ww2.money-link.com.tw/realtimenews/NewsContent.aspx?SN=6287721001&PU=1002
2026-09-01 00:00:00,2454,經濟日報頭條：輝達砸千億投資聯發科 - 富聯網,富聯網,https://ww2.money-link.com.tw/realtimenews/NewsContent.aspx?SN=2414616002&PU=0009
2026-08-31 23:53:00,2454,個股：聯發科(2454)獲NV投資35億美元ECB，深化AI基礎端、邊緣運算及車電合作 - ww2.money-link.com.tw,ww2.money-link.com.tw,https://ww2.money-link.com.tw/RealtimeNews/NewsContent.aspx?SN=2414601002&PU=0010
2026-08-31 23:53:00,2454,個股：聯發科(2454)獲NV投資35億美元ECB，深化AI基礎端、邊緣運算及車電合作 - 富聯網,富聯網,https://ww2.money-link.com.tw/realtimenews/NewsContent.aspx?SN=2414601002&PU=1002
2026-08-31 23:50:00,2454,輝達首度砸錢入股台灣公司！1100億豪押聯發科 黃仁勳揭「10年合作版圖」 - Yahoo股市,Yahoo股市,https://tw.stock.yahoo.com/news/%E8%BC%9D%E9%81%94%E9%A6%96%E5%BA%A6%E7%A0%B8%E9%8C%A2%E5%85%A5%E8%82%A1%E5%8F%B0%E7%81%A3%E5%85%AC%E5%8F%B8-1100%E5%84%84%E8%B1%AA%E6%8A%BC%E8%81%AF%E7%99%BC%E7%A7%91-%E9%BB%83%E4%BB%81%E5%8B%B3%E6%8F%AD-10%E5%B9%B4%E5%90%88%E4%BD%9C%E7%89%88%E5%9C%96-235000335.html
2026-08-31 23:30:00,2454,輝達投資聯發科35億美元！黃仁勳：由DGX Spark合作延伸 讓XPU接入輝達AI基礎設施 - 知新聞,知新聞,https://www.knews.com.tw/news/D1C48671899D653A8CCC874588399333
2026-08-31 23:25:00,2454,創紀錄！聯發科發行39億美元海外可轉債 NVIDIA單獨吃下35億美元、GOOGLE也參與 - 信傳媒,信傳媒,https://www.cmmedia.com.tw/home/articles/62639
2026-08-31 23:13:00,2454,黃仁勳談投資聯發科原因，股價要翻身？ - 遠見雜誌,遠見雜誌,https://www.gvm.com.tw/article/132737
2026-08-31 21:27:54,2454,2454 聯發科 - 〈台股盤前要聞〉9月開局捍衛4萬6、輝達砸35億美元認購聯發科ECB - 股市爆料同學會 - CMoney,CMoney,https://www.cmoney.tw/forum/article/183643526
2026-08-31 19:31:25,2454,輝達聯發科深化合作，黃仁勳、蔡力行揭密 35 億美元投資與全方位改寫 AI 產業規則邏輯 - CMoney,CMoney,https://www.cmoney.tw/forum/article/183643107
2026-08-31 15:21:50,2454,輝達首度砸1108億入股台灣公司 包辦聯發科9成可轉債 | 上報 - LINE TODAY,LINE TODAY,https://today.line.me/tw/v3/article/QwlYBBj
2026-08-31 14:53:31,2454,2454 聯發科 - 輝達豪砸1100億「投資聯發科」 3大領域將深度合作- 股市爆料同學會 - cmoney.tw,cmoney.tw,https://www.cmoney.tw/forum/article/183640766
2026-08-31 14:53:21,2454,2454 聯發科 - 輝達砸35億美元投資聯發科黃仁勳揭十年合作藍圖- 股市爆料同學會 - cmoney.tw,cmoney.tw,https://www.cmoney.tw/forum/article/183640762
2026-08-31 14:39:00,2454,破紀錄！聯發科完成 39 億美元海外可轉債案 NVIDIA 認購近 9 成 - tw.news.yahoo.com,tw.news.yahoo.com,https://tw.news.yahoo.com/%E7%A0%B4%E7%B4%80%E9%8C%84-%E8%81%AF%E7%99%BC%E7%A7%91%E5%AE%8C%E6%88%90-39-%E5%84%84%E7%BE%8E%E5%85%83%E6%B5%B7%E5%A4%96%E5%8F%AF%E8%BD%89%E5%82%B5%E6%A1%88-nvidia-143900830.html
2026-08-31 14:28:00,2454,輝達砸35億美元投資聯發科　黃仁勳揭十年合作藍圖 - finance.ettoday.net,finance.ettoday.net,https://finance.ettoday.net/news/3229099
2026-08-31 13:53:46,2454,聯發科搶XPU、輝達賣整套 黃仁勳首揭AI兩強結盟盤算 - news.cnyes.com,news.cnyes.com,https://news.cnyes.com/news/id/6593156
2026-08-31 13:53:46,2454,聯發科搶XPU、輝達賣整套 黃仁勳首揭AI兩強結盟盤算 - Yahoo股市,Yahoo股市,https://tw.stock.yahoo.com/news/%E8%81%AF%E7%99%BC%E7%A7%91%E6%90%B6xpu-%E8%BC%9D%E9%81%94%E8%B3%A3%E6%95%B4%E5%A5%97-%E9%BB%83%E4%BB%81%E5%8B%B3%E9%A6%96%E6%8F%ADai%E5%85%A9%E5%BC%B7%E7%B5%90%E7%9B%9F%E7%9B%A4%E7%AE%97-135346518.html
2026-08-31 13:52:00,2454,NVIDIA與聯發科揭合作藍圖黃仁勳：AI大規格的工程整合- 新聞 - MoneyDJ,MoneyDJ,https://www.moneydj.com/kmdj/news/newsviewer.aspx?a=29ebd60b-56f9-4562-a4f6-18a0fe329644&utm_source=966616579666579656575926&utm_medium=RSS
2026-08-31 13:48:13,2454,聯發科宣布完成39億美元海外可轉債訂價 輝達、Alphabet都參與認購 - 財訊,財訊,https://www.wealth.com.tw/articles/933d21c5-e920-4fba-b510-ad9c78bdfc26
2026-08-31 13:39:05,2454,輝達砸千億元投資聯發科！認購「9成海外可轉債」　3大領域合作 - NOWnews今日新聞,NOWnews今日新聞,https://www.nownews.com/news/6870948
2026-08-31 13:39:00,2454,輝達豪砸1100億「投資聯發科」　3大領域將深度合作 - finance.ettoday.net,finance.ettoday.net,https://finance.ettoday.net/news/3229088
2026-08-31 13:33:51,2454,AI晶片生態系最新結盟！輝達狂砸35億美元認購聯發科海外可轉債-財經焦點情報站 - CMoney投資網誌,CMoney投資網誌,https://cmnews.com.tw/article/forumnews-9ab2b1cc-a540-11f1-a2a5-c8375bd5d9e4
2026-08-31 13:17:00,2454,輝達砸35億美元認購聯發科ECB 結盟進軍AI工廠、客製化XPU - news.cnyes.com,news.cnyes.com,https://news.cnyes.com/news/id/6593121
2026-08-31 13:12:00,2454,聯發科獲輝達35億美元投資！黃仁勳、蔡力行揭深化合作 聚焦3大AI布局 - news.nextapple.com,news.nextapple.com,https://news.nextapple.com/finance/20260831/7FC90D308636F14B8B76F3B5C89829A1
2026-08-31 13:08:00,2454,聯發科完成39億美元募資NVIDIA認近九成並在三領域合作- 新聞 - MoneyDJ,MoneyDJ,https://www.moneydj.com/kmdj/news/newsviewer.aspx?a=e9027226-8acb-4636-83ab-99abeac45ddf
2026-08-31 12:59:41,2454,輝達豪砸35億美元投資聯發科！黃仁勳押注台灣晶片大廠 - news.cnyes.com,news.cnyes.com,https://news.cnyes.com/news/id/6593110
2026-08-31 12:57:05,2454,輝達首度投資台灣公司 認購35億美元聯發科ECB - 自由財經,自由財經,https://ec.ltn.com.tw/article/breakingnews/5558598
2026-08-31 12:55:42,2454,2454 聯發科 - 聯發科公告本公司海外第一次無擔保轉換公司債完成訂價- 股市爆料同學會 - CMoney,CMoney,https://www.cmoney.tw/forum/article/183627625
2026-08-31 12:47:11,2454,輝達認購聯發科海外轉換公司債35億美元 雙方還將深化合作 - 經濟日報,經濟日報,https://money.udn.com/money/story/5612/9725608
2026-08-31 12:46:00,2454,聯發科完成39億美元ECB！輝達投資35億美元 展開三大領域深度合作 - 知新聞,知新聞,https://www.knews.com.tw/news/7C0A085B54BA4B09105578877D6D148A
2026-08-31 12:38:37,2454,聯發科完成39億美元海外可轉債訂價 輝達、Alphabet 都出手認購 - 經濟日報,經濟日報,https://money.udn.com/money/story/5612/9725586
2026-08-31 12:38:37,2454,聯發科完成39億美元海外可轉債訂價 輝達、Alphabet都出手認購 - 經濟日報,經濟日報,https://money.udn.com/money/story/5612/9725586?from=edn_newestlist_rank
2026-08-31 10:50:08,2454,"【08/31券商評等報告彙整】聯發科(2454) 今日僅1家券商發布績效評等報告，評價為看多，目標價為5,600元。 - CMoney投資網誌",CMoney投資網誌,https://cmnews.com.tw/article/cmoneyaicurator-bbc15bcf-a529-11f1-bd3d-af06cc497cf0
2026-08-31 10:50:03,2454,"【08/31券商評等報告彙整】聯發科(2454) 今日僅1家券商發布績效評等報告，評價為看多，目標價為5,600元。 - CMoney",CMoney,https://www.cmoney.tw/notes/note-detail.aspx?nid=1258859
2026-08-31 09:00:00,2454,輝達砸千億投資聯發科 Alphabet 也加入夥伴行列 台積電、日月光、矽格受惠 - 經濟日報,經濟日報,https://money.udn.com/money/story/5612/9725909
2026-08-31 06:10:00,2454,〈台股盤前要聞〉9月開局捍衛4萬6、輝達砸35億美元認購聯發科ECB｜新聞快訊｜豐雲學堂 - sinotrade.com.tw,sinotrade.com.tw,https://www.sinotrade.com.tw/richclub/news/6a95f25a0a527338b6c4731c
2026-08-31 05:57:01,2454,2330 台積電 - 台積電COUPE推手轉戰聯發科侯上勇：先進封裝亟需加強、還要找人- 股市爆料同學會 - CMoney,CMoney,https://www.cmoney.tw/forum/article/183573537
2026-08-31 05:51:50,2454,台積電COUPE推手轉戰聯發科 侯上勇：先進封裝亟需加強、還要找人 - 經濟日報,經濟日報,https://money.udn.com/money/story/5612/9724625
2026-08-31 05:51:49,2454,台積電COUPE推手轉戰聯發科 侯上勇：先進封裝亟需加強、還要找人 - UDN,UDN,https://udn.com/news/story/7240/9724625
2026-08-31 02:32:42,2454,《價值型投資最新產業研究報告》聯發科（2454） 輝達入股深化合作，機櫃級人工智慧開啟新成長| 台股 - 鉅亨號,鉅亨號,https://hao.cnyes.com/post/265509
2026-08-31 01:13:00,2454,日月光崩5%、聯發科跌4%！台積電重摔40元至2380元 台股開低跌629點失守46000點大關 - FTNN 新聞網,FTNN 新聞網,https://www.ftnn.com.tw/news/574681
2026-08-30 20:10:00,2454,ASIC爆發 外資挺聯發科 - 中時新聞網,中時新聞網,https://www.chinatimes.com/newspapers/20260831000267-260206
2026-08-30 19:00:00,2454,聯發科的訂單被Marvell搶？外資說不是這樣Google專案穩當到手新客戶拚放量- 日報 - 工商時報,工商時報,https://www.ctee.com.tw/news/20260831700184-439901
2026-08-30 16:45:28,2454,聯發科、世芯 認購火 | 權證特區 | 證券 - 經濟日報,經濟日報,https://money.udn.com/money/story/5739/9723265
2026-08-29 12:15:00,2454,台積電、聯發科、台達電怎麼選？杜金龍親揭「飆最快是這檔」！這類股別再抱：上方全是冤魂！ - 優分析UAnalyze,優分析UAnalyze,https://uanalyze.com.tw/articles/4622654229
2026-08-28 11:45:00,2454,權值股領軍！台股成交量再破兆元 台積電漲至2420元、聯發科勁揚120元 - Yahoo股市,Yahoo股市,https://tw.stock.yahoo.com/news/%E6%AC%8A%E5%80%BC%E8%82%A1%E9%A0%98%E8%BB%8D-%E5%8F%B0%E8%82%A1%E6%88%90%E4%BA%A4%E9%87%8F%E5%86%8D%E7%A0%B4%E5%85%86%E5%85%83-%E5%8F%B0%E7%A9%8D%E9%9B%BB%E6%BC%B2%E8%87%B32420%E5%85%83-%E8%81%AF%E7%99%BC%E7%A7%91%E5%8B%81%E6%8F%9A120%E5%85%83-114500366.html
2026-08-28 11:07:29,2454,三大法人買賣超 – 外資買超(2330)台積電、(2454)聯發科，投信買超(3081)聯亞、(6669)緯穎，法人合計買超593.87億元 - sinotrade.com.tw,sinotrade.com.tw,https://www.sinotrade.com.tw/richclub/MarketTrends/%E4%B8%89%E5%A4%A7%E6%B3%95%E4%BA%BA%E8%B2%B7%E8%B3%A3%E8%B6%85-%E2%80%93-%E5%A4%96%E8%B3%87%E8%B2%B7%E8%B6%85-2330-%E5%8F%B0%E7%A9%8D%E9%9B%BB--2454-%E8%81%AF%E7%99%BC%E7%A7%91-%E6%8A%95%E4%BF%A1%E8%B2%B7%E8%B6%85-3081-%E8%81%AF%E4%BA%9E--6669-%E7%B7%AF%E7%A9%8E-%E6%B3%95%E4%BA%BA%E5%90%88%E8%A8%88%E8%B2%B7%E8%B6%85593-87%E5%84%84%E5%85%83--0826--6a8ea2226040320b88ff4c39
2026-08-27 21:16:50,2454,2454 聯發科 - 年底6000 - 股市爆料同學會 - CMoney,CMoney,https://www.cmoney.tw/forum/article/183482692
2026-08-27 06:11:00,2454,台股4萬6曇花一現！終場僅漲142點 台積電翻黑泛綠、鴻海重挫4%、聯發科跌2% - FTNN 新聞,FTNN 新聞,https://www.ftnn.com.tw/news/573791
2026-08-27 03:01:45,2454,台積電(2330)領台股飆550點破4萬6！輝達財報報喜，聯發科(2454)AI晶片助攻-財經焦點情報站 - CMoney投資網誌,CMoney投資網誌,https://cmnews.com.tw/article/forumnews-a33f180c-a1c3-11f1-a8c0-35e42719e6fc
2026-08-26 20:10:00,2454,聯發科、群聯 營運表現可期 - 中時新聞網,中時新聞網,https://www.chinatimes.com/newspapers/20260827000441-260206
2026-08-26 19:23:04,2454,全民權證／聯發科 挑逾120天 - UDN,UDN,https://udn.com/news/story/7255/9716185
2026-08-26 19:00:00,2454,聯發科、群聯營運表現可期- 日報 - 工商時報,工商時報,https://www.ctee.com.tw/news/20260827700287-439901
2026-08-26 16:23:21,2454,聯發科上半年分紅 人均91萬 - 經濟日報,經濟日報,https://money.udn.com/money/story/5612/9716431
2026-08-26 16:19:07,2454,聯發科 挑逾120天 - 經濟日報,經濟日報,https://money.udn.com/money/story/5739/9716185
2026-08-26 09:55:16,2454,2454 聯發科 - 一堆散戶在車上，發哥遲遲不發車- 股市爆料同學會 - CMoney,CMoney,https://www.cmoney.tw/forum/article/183210593
2026-08-26 06:14:18,2454,台股開低走高飆663點！聯發科強漲210元 | NOWNEWS今日新聞 - LINE TODAY,LINE TODAY,https://today.line.me/tw/v3/article/KwVmenn
2026-08-26 06:13:16,2454,台股開低走高飆663點！聯發科強漲210元 - 財經新聞 - PChome Online 新聞 - PChome Online 新聞,PChome Online 新聞,https://news.pchome.com.tw/finance/nownews/20260826/index-78772479619975207003.html
2026-08-26 03:00:18,2454,聯發科一掃連日陰霾強彈逾半根停板 分析師：尚未擺脫停滯期 - Yahoo股市,Yahoo股市,https://tw.stock.yahoo.com/news/%E8%81%AF%E7%99%BC%E7%A7%91%E4%B8%80%E6%8E%83%E9%80%A3%E6%97%A5%E9%99%B0%E9%9C%BE%E5%BC%B7%E5%BD%88%E9%80%BE%E5%8D%8A%E6%A0%B9%E5%81%9C%E6%9D%BF-%E5%88%86%E6%9E%90%E5%B8%AB%EF%BC%9A%E5%B0%9A%E6%9C%AA%E6%93%BA%E8%84%AB%E5%81%9C%E6%BB%AF%E6%9C%9F-025514272.html
2026-08-26 02:02:57,2454,2454 聯發科 - 項莊舞劍，意在沛公- 股市爆料同學會 - CMoney,CMoney,https://www.cmoney.tw/forum/article/183141092
2026-08-26 01:51:01,2454,《半導體》Google TPU v10還沒定案法人力挺聯發科、維持買進- 上市櫃 - 旺得富理財網,旺得富理財網,https://wantrich.chinatimes.com/news/20260826900148-420101
2026-08-26 01:43:00,2454,綠光開場！權值股摔成一片、台積電下挫20元 聯發科逆勢小漲2% - FTNN 新聞網,FTNN 新聞網,https://www.ftnn.com.tw/news/573254
2026-08-26 01:38:00,2454,《半導體》Google TPU v10還沒定案 法人力挺聯發科、維持買進 - 富聯網,富聯網,https://ww2.money-link.com.tw/RealtimeNews/NewsContent.aspx?sn=6282510001&pu=News_0002_2
2026-08-25 22:36:44,2454,【即時新聞】今日大摩點名聯發科(2454)統籌Google TPU專案，外資給予優於大盤評級！ - CMoney,CMoney,https://www.cmoney.tw/notes/note-detail.aspx?nid=1256139
2026-08-25 22:36:44,2454,【即時新聞】今日大摩點名聯發科(2454)統籌Google TPU專案，外資給予優於大盤評級！ - CMoney投資網誌,CMoney投資網誌,https://cmnews.com.tw/article/newsyoudeservetoknow-73398bb5-a0d5-11f1-8f23-5f6041b43bc7
2026-08-25 16:44:18,2454,Google TPU 帶動訂單成長 聯發科、創意、世芯 大摩按讚 - 經濟日報,經濟日報,https://money.udn.com/money/story/5607/9714043
2026-08-25 11:00:00,2454,外資看漲：預估聯發科 TPU 晶片營收持續增長 助推創意表現 - 經濟日報,經濟日報,https://money.udn.com/money/story/5710/9712124
2026-08-25 09:00:00,2454,CSP、AI需求暴增！法人喊旺IC設計大廠聯發科、創意都被點名「還有這檔昔日股后」：ASIC動能延續 - FTNN 新聞網,FTNN 新聞網,https://www.ftnn.com.tw/news/573044
2026-08-25 06:05:00,2454,台股強彈407點收全日最高點！台積電衝上2400元 聯發科、鴻海逆勢收黑 - FTNN 新聞網,FTNN 新聞網,https://www.ftnn.com.tw/news/573025
2026-08-25 03:59:00,2454,愛立信攜聯發科、AT&amp;T，完成北美首例LTM實網試驗- 新聞 - MoneyDJ,MoneyDJ,https://www.moneydj.com/kmdj/news/newsviewer.aspx?a=72dc0243-df3e-474e-8b9b-0c245894f033
2026-08-25 03:33:47,2454,【即時新聞】最新外資看好聯發科整合TPU v10晶片，估推升營收達700億美元！ - CMoney投資網誌,CMoney投資網誌,https://cmnews.com.tw/article/newsyoudeservetoknow-c82768fe-a035-11f1-850c-93ce9c534e0f
2026-08-25 01:56:50,2454,愛立信攜手聯發科與AT&amp;T 完成北美首例先進移動性功能實網試驗 - news.cnyes.com,news.cnyes.com,https://news.cnyes.com/news/id/6585934
2026-08-25 01:32:07,2454,《半導體》Google TPU大餅誰來分？外資點名聯發科仍坐穩v10主整合商- 上市櫃 - 旺得富理財網,旺得富理財網,https://wantrich.chinatimes.com/news/20260825900164-420101
2026-08-25 01:27:02,2454,外資看漲：預估聯發科 TPU 晶片營收持續增長 助推創意表現 - UDN,UDN,https://udn.com/news/story/7252/9712124
2026-08-25 01:04:49,2454,聯發科借券賣出衝高能跟空？網勸別只看一項指標：可能是避險套利 - UDN,UDN,https://udn.com/news/story/12806/9711264
2026-08-24 06:56:17,2454,聯發科股價為何跌？從 Google 結盟 Marvell 看聯發科的機遇與挑戰 - 鏈新聞 ABMedia,鏈新聞 ABMedia,https://abmedia.io/mtk-stock-price-and-cot-trend
2026-08-24 02:41:54,2454,台股早盤多空交戰台積電、聯發科承壓台勝科鎖漲停| 2026九合一選舉 - UDN,UDN,https://udn.com/vote2026/story/7251/9710142
2026-08-24 02:41:54,2454,台股早盤多空交戰 台積電、聯發科承壓 台勝科鎖漲停 - udn,udn,https://udn.com/news/story/7251/9710142
2026-08-24 02:31:00,2454,《熱門族群》ASIC大戰先比銀彈！聯發科、創意、世芯搶卡2027量產潮 - 富聯網,富聯網,https://ww2.money-link.com.tw/RealtimeNews/NewsContent.aspx?SN=6280445001&PU=0010
2026-08-24 01:27:39,2454,聯發科(2454)急彈後量能未跟上，毛利率撐得起這波漲幅嗎？-柏宇 KD 獲利模式 - CMoney投資網誌,CMoney投資網誌,https://cmnews.com.tw/article/chenboyu-feb717e9-9f5a-11f1-908a-4624da5ddd29
2026-08-23 22:27:16,2454,【即時新聞】聯發科(2454)天璣晶片滲透率擴大，外資調升目標價至7000元！ - CMoney投資網誌,CMoney投資網誌,https://cmnews.com.tw/article/newsyoudeservetoknow-cb99dd00-9f41-11f1-a8c7-bb9999b66a06
2026-08-23 22:25:55,2454,【即時新聞】聯發科最新宣布攜手愛立信！5G定位誤差成功縮至30公分內 - CMoney投資網誌,CMoney投資網誌,https://cmnews.com.tw/article/newsyoudeservetoknow-9b94512d-9f41-11f1-97ae-1aa3763caf80
2026-08-23 18:15:14,2454,旗艦晶片滲透率擴大 聯發科兩檔火熱 - UDN,UDN,https://udn.com/news/story/7255/9709370
2026-08-23 17:09:45,2454,聯發科 兩檔火熱 - 經濟日報,經濟日報,https://money.udn.com/money/story/5739/9709370
2026-08-23 17:01:39,2454,聯發科揪伴 瞄準 5G 應用 - 經濟日報,經濟日報,https://money.udn.com/money/story/5710/9709291
2026-08-23 17:01:39,2454,聯發科揪伴 瞄準5G應用 - UDN,UDN,https://udn.com/news/story/7240/9709291
2026-08-23 02:55:17,2454,聯發科近期股價疲弱 股民憂「是不是有點死掉了？」掀網友熱議 - 自由財經,自由財經,https://ec.ltn.com.tw/article/breakingnews/5549205
2026-08-22 22:57:34,2454,2454 聯發科 - [請益] 聯發科借券賣出歷史新高該空嗎？ - 股市爆料同學會 - CMoney,CMoney,https://www.cmoney.tw/forum/article/182876843
2026-08-21 18:54:29,2454,花旗挺聯發科 建議買進 - UDN,UDN,https://udn.com/news/story/7251/9706581
2026-08-21 14:48:23,2454,花旗挺聯發科 建議買進 - 經濟日報,經濟日報,https://money.udn.com/money/story/5607/9706581?from=edn_search_tag_result
2026-08-21 10:03:49,2454,焦點股》聯發科：搶單傳言衝擊股價 外資力挺市場低估 - 自由時報,自由時報,https://stock.ltn.com.tw/article/wgljx4h4wwnl
2026-08-21 06:58:06,2454,AMD、Marvell搶進Google TPU 外資力挺聯發科未掉單 - Yahoo 財經,Yahoo 財經,https://hk.finance.yahoo.com/news/amd-marvell%E6%90%B6%E9%80%B2google-tpu-%E5%A4%96%E8%B3%87%E5%8A%9B%E6%8C%BA%E8%81%AF%E7%99%BC%E7%A7%91%E6%9C%AA%E6%8E%89%E5%96%AE-060901677.html
2026-08-21 06:44:05,2454,2454 聯發科 - AMD、Marvell搶進Google TPU 外資力挺聯發科未掉單- 股市爆料同學會 - CMoney,CMoney,https://www.cmoney.tw/forum/article/182793265
2026-08-21 06:09:01,2454,AMD、Marvell搶進Google TPU 外資力挺聯發科未掉單 - news.cnyes.com,news.cnyes.com,https://news.cnyes.com/news/id/6583468
2026-08-21 06:09:01,2454,AMD、Marvell搶進Google TPU 外資力挺聯發科未掉單 - 鉅亨網,鉅亨網,https://m.cnyes.com/news/id/6583468
2026-08-21 06:09:01,2454,AMD、Marvell搶進Google TPU 外資力挺聯發科未掉單 - Yahoo股市,Yahoo股市,https://tw.stock.yahoo.com/news/amd-marvell%E6%90%B6%E9%80%B2google-tpu-%E5%A4%96%E8%B3%87%E5%8A%9B%E6%8C%BA%E8%81%AF%E7%99%BC%E7%A7%91%E6%9C%AA%E6%8E%89%E5%96%AE-060901924.html
2026-08-21 05:54:00,2454,台股收盤／台積電、聯發科力撐大局！收盤漲近300點站回45K - TVBS新聞網,TVBS新聞網,https://news.tvbs.com.tw/money/4010345
2026-08-21 05:45:00,2454,Marvell、AMD雙重夾擊！聯發科Google訂單遭分食引恐慌 外資逆勢維持6800元目標價送暖 - FTNN 新聞網,FTNN 新聞網,https://www.ftnn.com.tw/news/571991
2026-08-21 05:44:59,2454,焦點股》聯發科：外資壓低結算祭品！連兩日重挫摜破季線 - 自由時報,自由時報,https://stock.ltn.com.tw/article/l4xpwtrghwhg
2026-08-21 04:00:32,2454,焦點股》聯發科：搶單傳言衝擊股價 外資力挺市場低估 - 自由財經,自由財經,https://ec.ltn.com.tw/article/breakingnews/5547385
2026-08-21 03:36:24,2454,聯發科怕被Marvell搶單還能漲？ASIC大餅真被分薄了？ - CMoney投資網誌,CMoney投資網誌,https://cmnews.com.tw/article/cmoney-7bdfe3df-9d11-11f1-8351-2ff865625938
2026-08-21 03:14:04,2454,聯發科掉單？Google找上Marvell為這事 法人力挺稱：不會被取代 - Yahoo新聞,Yahoo新聞,https://tw.news.yahoo.com/%E8%81%AF%E7%99%BC%E7%A7%91%E6%8E%89%E5%96%AE-google%E6%89%BE%E4%B8%8Amarvell%E7%82%BA%E9%80%99%E4%BA%8B-%E6%B3%95%E4%BA%BA%E5%8A%9B%E6%8C%BA%E7%A8%B1-%E4%B8%8D%E6%9C%83%E8%A2%AB%E5%8F%96%E4%BB%A3-023600359.html
2026-08-21 03:07:00,2454,盤中分析：台股開低反攻量能收斂，台積、聯發科穩盤，航運及低PE個股輪動 - 富聯網,富聯網,https://ww2.money-link.com.tw/realtimenews/NewsContent.aspx?SN=2411170002&PU=1002
2026-08-21 02:36:00,2454,聯發科掉單？Google找上Marvell為這事 法人力挺稱：不會被取代 - 鏡新聞,鏡新聞,https://www.mnews.tw/external/mirrordaily80891
2026-08-21 01:13:23,2454,聯發科一天遭9檔ETF提款近15億！00981A狠砍200張 轉身豪撒近8億搶「這檔AI股」 - Yahoo股市,Yahoo股市,https://tw.stock.yahoo.com/news/%E8%81%AF%E7%99%BC%E7%A7%91-%E5%A4%A9%E9%81%AD9%E6%AA%94etf%E6%8F%90%E6%AC%BE%E8%BF%9115%E5%84%84-00981a%E7%8B%A0%E7%A0%8D200%E5%BC%B5-%E8%BD%89%E8%BA%AB%E8%B1%AA%E6%92%92%E8%BF%918%E5%84%84%E6%90%B6-%E9%80%99%E6%AA%94ai%E8%82%A1-010500341.html
2026-08-21 01:05:00,2454,聯發科一天遭9檔ETF提款近15億！00981A狠砍200張 轉身豪撒近8億搶「這檔AI股」 - FTNN 新聞網,FTNN 新聞網,https://www.ftnn.com.tw/news/571860
2026-08-21 00:23:50,2454,聯發科慘跌原因找到了！瑤池金母甩賣轉進「這3檔」981A、991A、407A...9支主動式提款近15億元完整清單1次看- 上市櫃 - 旺得富理財網,旺得富理財網,https://wantrich.chinatimes.com/news/20260821900122-420101
2026-08-21 00:07:50,2454,2454 聯發科 - 預估跌到1500元還是勉強高估2% - 股市爆料同學會 - CMoney,CMoney,https://www.cmoney.tw/forum/article/182744138
2026-08-20 23:19:39,2454,Google綁邁威爾後，聯發科 (2454) 151家預估透露什麼？-哲翰科技戰情室 - CMoney投資網誌,CMoney投資網誌,https://cmnews.com.tw/article/zhouzhehan-9dde36f6-9ced-11f1-a416-b3a80d310365
2026-08-20 20:11:15,2454,2454 聯發科 - 聯發科本公司董事長決定限制員工權利新股之增資基準日- 股市爆料同學會 - CMoney,CMoney,https://www.cmoney.tw/forum/article/182829661
2026-08-20 15:09:00,2454,AMD、Marvell搶進Google TPU 外資力挺聯發科未掉單｜新聞快訊｜豐雲學堂 - sinotrade.com.tw,sinotrade.com.tw,https://www.sinotrade.com.tw/richclub/news/6a87f06ab17ee7367876c915
2026-08-20 10:18:13,2454,聯發科怎麼了？Google利空夾擊…股價狂跌700元「投信連倒12天」 法人反喊「估值重評」：明年EPS挑戰135元翻倍- 上市櫃 - 旺得富理財網,旺得富理財網,https://wantrich.chinatimes.com/news/20260820900423-420101
2026-08-20 09:32:26,2454,Google不「聯」發科了？傳攜手AMD開發第10代TPU 聯發科股價連3黑 - Yahoo股市,Yahoo股市,https://tw.stock.yahoo.com/news/google%E4%B8%8D-%E8%81%AF-%E7%99%BC%E7%A7%91%E4%BA%86-%E5%82%B3%E6%94%9C%E6%89%8Bamd%E9%96%8B%E7%99%BC%E7%AC%AC10%E4%BB%A3tpu-%E8%81%AF%E7%99%BC%E7%A7%91%E8%82%A1%E5%83%B9%E9%80%A33%E9%BB%91-093226889.html
2026-08-20 09:32:26,2454,Google不「聯」發科了？傳攜手AMD開發第10代TPU 聯發科股價連3黑 - 民視財經網,民視財經網,https://finance.ftvnews.com.tw/news/detail/2026820W0633
2026-08-20 09:21:00,2454,《證交所》今日單一證券鉅額成交股票：台勝科、台積電、聯發科 - 富聯網,富聯網,https://ww2.money-link.com.tw/RealtimeNews/NewsContent.aspx?sn=6277811001&pu=News_0002_3
2026-08-20 07:11:11,2454,【即時新聞】今日傳超微搶進客製化晶片，聯發科遇強敵最新股價重挫逾4%失守月線 - CMoney投資網誌,CMoney投資網誌,https://cmnews.com.tw/article/newsyoudeservetoknow-5281709b-9c66-11f1-96cd-882c9a7152b9
2026-08-20 05:45:00,2454,台股上沖下洗逾700點！台積電漲25元撐場、聯發科重挫近4%成提款機 - FTNN 新聞網,FTNN 新聞網,https://www.ftnn.com.tw/news/571662
2026-08-20 05:39:34,2454,2454 聯發科 - 聯發科跌跌不休！超微爆搶谷歌TPU訂單今失守月線支撐- 股市爆料同學會 - CMoney,CMoney,https://www.cmoney.tw/forum/article/182666857
2026-08-20 05:04:32,2454,2454 聯發科 - 傳超微殺進Google TPU！聯發科 ASIC 夢想行情遇強敵失守月線- 股市爆料同學會 - CMoney,CMoney,https://www.cmoney.tw/forum/article/182662967
2026-08-20 04:46:00,2454,聯發科跌跌不休！超微爆搶谷歌TPU訂單　今失守月線支撐 - ETtoday財經雲,ETtoday財經雲,https://finance.ettoday.net/news/3222583
2026-08-20 04:27:26,2454,傳超微殺進 Google TPU！聯發科 ASIC 夢想行情遇強敵 失守月線 - 經濟日報,經濟日報,https://money.udn.com/money/story/5710/9703294
2026-08-20 04:27:24,2454,傳超微殺進Google TPU！聯發科 ASIC 夢想行情遇強敵 失守月線 - UDN,UDN,https://udn.com/news/story/7252/9703294
2026-08-20 04:25:00,2454,Google千億AI大單爆強敵！聯發科慘遭殺盤急摔135元 投信連11賣「爆308億天量」 - FTNN 新聞網,FTNN 新聞網,https://www.ftnn.com.tw/news/571618
2026-08-20 03:34:58,2454,Fed 一面肯定AI、一面示警估值台股早盤震盪、聯發科日月光走弱| 2026九合一選舉 - UDN,UDN,https://udn.com/vote2026/story/7251/9703141
2026-08-20 03:26:24,2454,權王止跌也救不了AI股？鈺創重摔近6%最慘 台達電、聯發科軟趴趴、世芯-KY逆勢突圍 - Yahoo股市,Yahoo股市,https://tw.stock.yahoo.com/news/%E6%AC%8A%E7%8E%8B%E6%AD%A2%E8%B7%8C%E4%B9%9F%E6%95%91%E4%B8%8D%E4%BA%86ai%E8%82%A1-%E9%88%BA%E5%89%B5%E9%87%8D%E6%91%94%E8%BF%916-%E6%9C%80%E6%85%98-%E5%8F%B0%E9%81%94%E9%9B%BB-%E8%81%AF%E7%99%BC%E7%A7%91%E8%BB%9F%E8%B6%B4%E8%B6%B4-031500214.html
2026-08-20 02:23:35,2454,焦點股》聯發科：Google TPU 傳遭AMD搶單？ - 自由財經,自由財經,https://ec.ltn.com.tw/article/breakingnews/5545991
2026-08-20 02:22:37,2454,2454 聯發科 - Google擴大合作邁威爾以最高122億美元認股權綁定雙方利益- 股市爆料同學會 - CMoney,CMoney,https://www.cmoney.tw/forum/article/182741664
2026-08-20 02:22:22,2454,Google TPU掀搶單大戰！聯發科跌逾3% 分析師曝股價壓力帶 - Yahoo股市,Yahoo股市,https://tw.stock.yahoo.com/news/google-tpu%E6%8E%80%E6%90%B6%E5%96%AE%E5%A4%A7%E6%88%B0%EF%BC%81%E8%81%AF%E7%99%BC%E7%A7%91%E8%B7%8C%E9%80%BE3-%E5%88%86%E6%9E%90%E5%B8%AB%E6%9B%9D%E8%82%A1%E5%83%B9%E5%A3%93%E5%8A%9B%E5%B8%B6-021857244.html
2026-08-19 22:17:13,2454,2454 聯發科 - Google 擴大結盟Marvell 衝擊聯發科股價？外資：市場過度聯想- 股市爆料同學會 - CMoney,CMoney,https://www.cmoney.tw/forum/article/182729465
2026-08-19 22:15:08,2454,【即時新聞】聯發科面臨超微搶單Google第十代TPU，客製化AI晶片市場競爭加劇 - CMoney投資網誌,CMoney投資網誌,https://cmnews.com.tw/article/newsyoudeservetoknow-6ffd360d-9c1b-11f1-93c0-fcd917d1feaa
2026-08-19 21:24:19,2454,2454 聯發科 - [新聞] 榮耀推出HONOR 600 Lite / 600S 雙機9 月陸續上市- 股市爆料同學會 - CMoney,CMoney,https://www.cmoney.tw/forum/article/182721702
2026-08-19 20:35:50,2454,2454 聯發科 - Google 擴大結盟Marvell 衝擊聯發科股價？外資：市場過度聯想- 股市爆料同學會 - CMoney,CMoney,https://www.cmoney.tw/forum/article/182714532
2026-08-19 11:27:00,2454,焦點股》聯發科：Google TPU 傳遭AMD搶單？ - 自由時報,自由時報,https://stock.ltn.com.tw/article/2kvrtfybypbw
2026-08-19 10:10:54,2454,2454 聯發科 - 接下來創意跟發哥的弱勢都跟世芯無關了。 各有各的原因。 - 股市爆料同學會 - CMoney,CMoney,https://www.cmoney.tw/forum/article/182623009
2026-08-18 09:33:12,2454,聯發科連3黑跌破3900元！Google第10代TPU傳找AMD 「被搶單」真相拆解- 上市櫃 - 旺得富理財網,旺得富理財網,https://wantrich.chinatimes.com/news/20260818900409-420101
2026-08-18 06:31:37,2454,盤後》大盤重挫近600點！台積電重挫、聯發科軟腳，只有這兩大族群能逃過殺盤？ | 下班經濟學 | 財經 - 風傳媒,風傳媒,https://www.storm.mg/article/11157408
2026-08-18 05:27:16,2454,聯發科(2454)切入Google與Meta供應鏈，AI晶片營收能連續幾季提高？-柏宇 KD 獲利模式 - cmnews.com.tw,cmnews.com.tw,https://cmnews.com.tw/article/chenboyu-7984f734-9ac5-11f1-bbd6-c191e4646468
2026-08-18 04:50:49,2454,聯發科(2454) AI ASIC 加速布局，Smart Edge 接棒成長！-小資女艾蜜莉 - cmnews.com.tw,cmnews.com.tw,https://cmnews.com.tw/article/emily-621d0486-9ac0-11f1-9c45-3ac6e3a53a0f
2026-08-18 02:51:11,2454,焦點股》聯發科：外資壓低結算祭品！連兩日重挫摜破季線 - tw.news.yahoo.com,tw.news.yahoo.com,https://tw.news.yahoo.com/%E7%84%A6%E9%BB%9E%E8%82%A1-%E8%81%AF%E7%99%BC%E7%A7%91-%E5%A4%96%E8%B3%87%E5%A3%93%E4%BD%8E%E7%B5%90%E7%AE%97%E7%A5%AD%E5%93%81-%E9%80%A3%E5%85%A9%E6%97%A5%E9%87%8D%E6%8C%AB%E6%91%9C%E7%A0%B4%E5%AD%A3%E7%B7%9A-024154209.html
2026-08-18 02:41:54,2454,焦點股》聯發科：外資壓低結算祭品！連兩日重挫摜破季線 - ec.ltn.com.tw,ec.ltn.com.tw,https://ec.ltn.com.tw/article/breakingnews/5543468
2026-08-18 01:13:30,2454,"台股開高46K 關前拉鋸！南亞科飆553元創新高 聯發科回測4,000元 - udn.com",udn.com,https://udn.com/news/story/7251/9697913
2026-08-17 20:01:15,2454,2454 聯發科 - 【00991A】08/18 操作日報｜減碼半導體，資金轉進光通訊- 股市爆料同學會 - CMoney,CMoney,https://www.cmoney.tw/forum/article/182454008
2026-08-17 08:54:47,2454,台積電撐盤台股小漲46點 聯發科重摔160元 | 上報 - LINE TODAY,LINE TODAY,https://today.line.me/tw/v3/article/ML7vxXy
2026-08-17 06:00:00,2454,台股小漲46點！台積電漲5元獨自撐盤 聯發科重摔160元、鴻海跌逾1% - ftnn.com.tw,ftnn.com.tw,https://www.ftnn.com.tw/news/570642
2026-08-17 03:57:23,2454,SemiAnalysis震撼彈！ 聯發科遭砍單傳聞重擊 股價一度跌4% - Yahoo股市,Yahoo股市,https://tw.stock.yahoo.com/news/semianalysis%E9%9C%87%E6%92%BC%E5%BD%88-%E8%81%AF%E7%99%BC%E7%A7%91%E9%81%AD%E7%A0%8D%E5%96%AE%E5%82%B3%E8%81%9E%E9%87%8D%E6%93%8A-%E8%82%A1%E5%83%B9-%E5%BA%A6%E8%B7%8C4-032900227.html
2026-08-17 02:29:37,2454,焦點股》聯發科：SemiAnalysis又放毒 下修Google TPU出貨量 - ec.ltn.com.tw,ec.ltn.com.tw,https://ec.ltn.com.tw/article/breakingnews/5542311
2026-08-17 00:44:39,2454,不是台積電！00981A站回30元誰居頭功？達人揭持股大風吹聯發科、國巨、日月光、奇鋐...20大成分股1表看- 上市櫃 - wantrich.chinatimes.com,wantrich.chinatimes.com,https://wantrich.chinatimes.com/news/20260817900104-420101
2026-08-16 11:29:00,2454,焦點股》聯發科：SemiAnalysis又放毒 下修Google TPU出貨量 - stock.ltn.com.tw,stock.ltn.com.tw,https://stock.ltn.com.tw/article/jywyxy15kgrn
