日期,股票代碼,成交股數,成交金額,開盤價,最高價,最低價,收盤價,漲跌價差,成交筆數
2026-09-04,3231,82904263,16291830429,195.5,200.0,193.0,198.0,9.5,62558
2026-09-03,3231,97294860,18657223713,188.0,196.0,186.5,188.5,3.0,79426
2026-09-02,3231,84035531,15745142226,184.0,192.5,183.0,185.5,3.5,52422
2026-09-01,3231,27956611,5043059061,179.0,182.0,178.0,182.0,4.0,18552
2026-08-31,3231,38946890,6920710494,176.0,181.0,174.0,178.0,0.0,21811
2026-08-28,3231,26484639,4750106370,182.5,183.5,178.0,178.0,-1.5,22055
2026-08-27,3231,50713058,9328470967,184.5,188.0,179.0,179.5,-2.5,32215
2026-08-26,3231,21024695,3786187071,177.0,182.0,176.0,182.0,3.5,17112
2026-08-25,3231,56952684,10117945712,177.5,184.5,172.5,178.5,3.0,36176
2026-08-24,3231,20241627,3557053724,176.0,177.5,173.5,175.5,0.0,14735
2026-08-21,3231,28030661,4938627381,178.0,178.0,175.0,175.5,-4.5,22173
2026-08-20,3231,33489412,6009449723,183.5,184.0,177.0,180.0,-2.0,23253
2026-08-19,3231,28162708,5047291158,177.0,182.0,175.0,182.0,1.0,19267
2026-08-18,3231,39193616,7140673888,186.5,187.0,179.0,181.0,-6.0,35903
2026-08-17,3231,51873498,9720280324,193.5,193.5,184.5,187.0,-6.5,40294
2026-08-14,3231,94749279,18829679790,198.0,206.0,193.0,193.5,-3.5,71009
2026-08-13,3231,72282415,14234067552,196.0,199.5,193.5,197.0,3.5,57489
2026-08-12,3231,43108701,8310754478,189.5,195.0,189.0,193.5,2.5,28218
2026-08-11,3231,34518451,6600172172,190.0,193.5,188.0,191.0,-2.0,22320
2026-08-10,3231,69635753,13253701066,185.5,193.5,184.5,193.0,9.5,48451
2026-08-07,3231,65415961,12025123891,188.0,188.0,180.5,183.5,-6.0,51497
2026-08-06,3231,83293423,15950778872,193.5,199.0,188.0,189.5,-3.5,64047
2026-08-05,3231,206766416,40612720772,198.0,202.5,190.0,193.0,-2.0,171301
2026-08-04,3231,153901367,29533146551,186.5,198.0,183.0,195.0,9.0,111228
2026-08-03,3231,162427285,29618233645,172.5,188.0,169.5,186.0,10.0,100865
2026-07-31,3231,138686721,23937749417,176.0,176.0,165.5,176.0,16.0,79424
2026-07-30,3231,82602193,13441184391,170.0,170.5,157.5,160.0,-9.5,63440
2026-07-29,3231,155521276,26607620065,173.0,178.5,164.0,169.5,-0.5,105673
2026-07-28,3231,83361429,14319982787,168.0,177.5,167.0,170.0,-7.0,56974
2026-07-27,3231,109006063,18820900168,180.0,180.5,167.5,177.0,-2.0,74481
2026-07-24,3231,179841065,32336958893,175.0,184.0,173.0,179.0,5.5,118331
2026-07-23,3231,218008949,37999830284,168.0,179.5,165.5,173.5,9.5,128443
2026-07-22,3231,94856772,15392894552,154.0,164.0,153.5,164.0,14.5,48102
2026-07-21,3231,36192970,5382308798,145.0,150.5,144.5,149.5,6.0,23004
2026-07-20,3231,51717481,7482595188,142.0,147.0,141.5,143.5,4.5,28074
2026-07-17,3231,38762694,5468764556,144.0,144.5,139.0,139.0,-7.5,27236
2026-07-16,3231,30591982,4471080929,144.5,148.0,143.0,146.5,1.0,17408
2026-07-15,3231,26071700,3776587179,144.0,146.5,142.5,145.5,3.0,14934
2026-07-14,3231,27925626,3943846604,144.0,145.0,139.0,142.5,-1.0,21866
2026-07-13,3231,27031128,3900747066,147.0,148.0,142.5,143.5,-1.0,20717
2026-07-09,3231,29080046,4235251008,147.0,148.0,144.5,144.5,-2.0,24214
2026-07-08,3231,59256833,8697902782,150.0,152.0,145.0,146.5,0.0,43542
2026-07-07,3231,34773345,5461020838,158.5,159.5,155.5,155.5,-2.5,24357
2026-07-06,3231,26189698,4174105266,161.0,162.0,157.5,158.0,-1.0,21325
2026-07-03,3231,24768914,3962864392,157.5,161.5,157.5,159.0,0.5,16898
2026-07-02,3231,17411425,2764668485,157.0,160.0,156.0,158.5,-1.0,14488
2026-07-01,3231,37036945,5949197491,161.0,162.0,159.0,159.5,1.0,26542
2026-06-30,3231,27371856,4341663067,157.5,160.0,156.0,158.5,4.0,18305
2026-06-29,3231,27017688,4201637902,154.0,158.0,153.5,154.5,1.5,19952
2026-06-26,3231,43076438,6674702045,159.0,159.0,153.0,153.0,-7.0,38958
2026-06-25,3231,42348647,6763904128,159.5,162.0,156.5,160.0,2.5,23547
2026-06-24,3231,30028729,4718744150,156.5,159.5,155.0,157.5,-1.0,22639
2026-06-23,3231,46744847,7469311022,163.0,163.5,158.0,158.5,-4.0,35833
2026-06-22,3231,45905638,7497286512,164.5,166.0,161.5,162.5,1.0,34166
2026-06-18,3231,45633029,7375418700,162.0,163.5,160.5,161.5,-1.0,31857
2026-06-17,3231,49733205,8071336921,158.5,164.5,158.0,162.5,4.5,36087
2026-06-16,3231,31462271,5019667314,162.0,162.0,158.0,158.0,-3.5,26384
2026-06-15,3231,46483201,7497315779,162.0,166.0,158.5,161.5,5.5,30538
2026-06-12,3231,38077913,5982124639,159.0,159.0,156.0,156.0,3.5,26640
2026-06-11,3231,55231062,8473362291,157.0,159.0,150.5,152.5,-5.5,45043
2026-06-10,3231,42514909,6831335902,162.5,165.0,158.0,158.0,-7.5,42750
2026-06-09,3231,64817452,10750774885,166.0,168.5,163.0,165.5,2.0,48695
2026-06-08,3231,71040675,11394830105,156.0,163.5,156.0,163.5,-7.5,57624
2026-06-05,3231,75786051,12911782154,172.5,174.0,165.5,171.0,-5.0,57489
2026-06-04,3231,128624056,23224006044,188.0,189.0,176.0,176.0,-18.0,114156
2026-06-03,3231,175481303,34251368077,193.0,201.0,188.0,194.0,3.0,120508
2026-06-02,3231,282187864,53162981647,179.0,191.0,177.0,191.0,17.0,136363
2026-06-01,3231,94609409,16460576166,174.0,174.0,172.5,174.0,15.5,24104
2026-05-29,3231,114139019,18028178309,154.0,158.5,153.0,158.5,14.0,46076
2026-05-28,3231,41753832,6095063282,146.0,149.0,143.0,144.5,-0.5,27388
2026-05-27,3231,37563298,5480979062,147.5,148.5,143.5,145.0,-1.0,27093
2026-05-26,3231,35795574,5252241041,149.5,149.5,145.5,146.0,-3.0,28187
2026-05-25,3231,70126881,10454996639,148.5,150.5,147.0,149.0,4.5,50473
2026-05-22,3231,70277790,10098281418,142.5,146.0,139.5,144.5,4.5,42715
2026-05-21,3231,53678775,7477193191,134.5,141.5,134.0,140.0,7.5,32943
2026-05-20,3231,20642900,2751866626,134.0,135.5,132.0,132.5,0.0,15549
2026-05-19,3231,25581469,3424045642,135.5,136.0,132.5,132.5,-3.0,20587
2026-05-18,3231,29121539,3920753387,135.0,136.5,132.0,135.5,0.0,20108
2026-05-15,3231,67278955,9391936914,139.5,144.0,135.0,135.5,-2.5,43964
2026-05-14,3231,42377535,5901813854,140.5,141.5,138.0,138.0,-2.5,24748
2026-05-13,3231,26883326,3761908531,139.0,141.5,138.0,140.5,-1.0,16493
2026-05-12,3231,75965973,10584272129,139.0,143.0,135.5,141.5,2.5,47109
2026-05-11,3231,114217157,15989901745,147.0,147.0,138.0,139.0,-7.5,79566
2026-05-08,3231,44206588,6459322047,146.0,149.0,143.5,146.5,0.5,25045
2026-05-07,3231,43321585,6340732270,148.5,149.0,143.5,146.0,-0.5,27768
2026-05-06,3231,71828870,10398998929,143.5,146.5,142.5,146.5,4.5,44862
2026-05-05,3231,24899321,3506503840,140.5,142.5,139.0,142.0,1.5,16183
2026-05-04,3231,23500802,3281211491,138.5,141.0,138.0,140.5,3.5,16323
2026-04-30,3231,26873000,3707088331,139.5,140.5,136.0,137.0,-3.5,19731
2026-04-29,3231,23368657,3246191921,139.0,140.5,136.5,140.5,0.0,15181
2026-04-28,3231,27611271,3898362804,143.5,144.5,140.0,140.5,-2.0,18826
2026-04-27,3231,38390654,5475025547,143.0,144.0,141.0,142.5,1.0,22888
2026-04-24,3231,40785646,5713355228,140.5,141.5,138.0,141.5,2.0,23729
2026-04-23,3231,63203219,8832843810,145.0,146.0,135.0,139.5,-4.5,40309
2026-04-22,3231,50378460,7269349252,145.0,145.5,143.0,144.0,-0.5,30707
2026-04-21,3231,86280208,12430905658,142.0,145.5,141.5,144.5,4.0,49973
2026-04-20,3231,79145783,10958508754,137.0,141.0,135.5,140.5,4.0,46226
2026-04-17,3231,36847541,4998021010,133.0,137.0,132.5,136.5,2.5,19827
2026-04-16,3231,35493258,4730020085,134.0,135.5,131.5,134.0,1.0,20261
2026-04-15,3231,39441685,5313533855,137.5,138.0,132.0,133.0,-3.5,27569
2026-04-14,3231,38753427,5324682024,137.0,139.0,136.0,136.5,2.0,23219
2026-04-13,3231,26991966,3637935086,135.0,136.5,132.5,134.5,-0.5,16180
2026-04-10,3231,42081754,5681288297,134.0,136.5,133.0,135.0,2.5,27272
2026-04-09,3231,37301163,4900201564,132.0,132.5,130.0,132.5,1.5,18527
2026-04-08,3231,40544498,5252858571,126.5,131.0,126.5,131.0,7.5,24643
2026-04-07,3231,19598672,2426795844,124.5,125.0,123.0,123.5,-1.5,13159
2026-04-02,3231,15663058,1963348212,127.0,128.0,124.0,125.0,-2.0,11398
2026-04-01,3231,21099952,2668050161,126.0,127.5,125.0,127.0,4.5,12212
2026-03-31,3231,37539291,4651110997,125.0,126.0,122.5,122.5,-3.0,21892
2026-03-30,3231,20893140,2623735166,125.0,127.0,124.0,125.5,-1.5,13110
2026-03-27,3231,17630558,2229603571,126.0,127.5,125.5,127.0,0.0,11679
2026-03-26,3231,23871544,3054318969,128.5,129.0,127.0,127.0,-1.0,14865
2026-03-25,3231,34729356,4471938003,132.0,132.0,127.5,128.0,-1.0,25319
2026-03-24,3231,33691174,4347699595,128.0,131.0,126.0,129.0,3.5,20716
2026-03-23,3231,32117582,4057988029,127.5,128.5,125.0,125.5,-4.5,26407
2026-03-20,3231,65186260,8517267617,128.5,133.5,126.5,130.0,2.5,26798
2026-03-19,3231,35163156,4509480330,129.5,130.0,127.0,127.5,-3.0,30071
2026-03-18,3231,45720783,6022657786,135.0,135.5,130.0,130.5,-3.5,41896
2026-03-17,3231,39186218,5260403272,137.0,137.0,132.5,134.0,-1.0,26383
2026-03-16,3231,42569916,5784482971,135.5,137.5,134.5,135.0,1.0,23961
2026-03-13,3231,33552441,4476668951,131.0,135.0,130.0,134.0,1.5,18623
2026-03-12,3231,22050035,2914225863,132.0,134.0,131.0,132.5,-0.5,13803
2026-03-11,3231,36329689,4823997958,131.5,134.0,131.0,133.0,4.0,22053
2026-03-10,3231,29474196,3817652980,131.0,132.0,127.5,129.0,1.5,16309
2026-03-09,3231,42816042,5369680684,125.5,127.5,123.5,127.5,-3.0,28450
2026-03-06,3231,22105964,2853558835,127.5,131.0,127.0,130.5,2.0,14077
2026-03-05,3231,35783034,4623619939,128.0,131.0,128.0,128.5,3.5,20805
2026-03-04,3231,56909348,7229635735,130.0,131.0,125.0,125.0,-6.5,47225
2026-03-03,3231,37417709,4970245498,134.0,136.5,131.0,131.5,-3.5,27551
2026-03-02,3231,30905650,4142317051,131.5,136.0,131.0,135.0,-1.0,20687
2026-02-26,3231,56005008,7592999527,139.0,139.0,134.5,136.0,-2.0,38447
2026-02-25,3231,87158948,11965178306,132.5,139.5,132.5,138.0,7.0,58150
2026-02-24,3231,26170768,3409728845,130.0,131.5,129.0,131.0,1.5,18425
2026-02-23,3231,43602077,5684269594,130.5,132.0,128.5,129.5,-2.0,30539
2026-02-11,3231,29446579,3846795455,130.5,131.5,129.5,131.5,2.0,19808
2026-02-10,3231,23368155,3051885161,132.0,132.0,129.5,129.5,-1.5,17648
2026-02-09,3231,28241229,3734284001,133.0,133.5,131.0,131.0,2.0,20788
2026-02-06,3231,29716999,3803976762,128.0,130.5,125.0,129.0,1.5,22269
2026-02-05,3231,32893127,4256062902,128.5,133.0,127.5,127.5,-1.5,24928
2026-02-04,3231,22082189,2826734032,127.0,130.0,126.0,129.0,0.5,16884
2026-02-03,3231,26353068,3406574182,130.5,131.5,128.0,128.5,0.5,18823
2026-02-02,3231,29527472,3786788716,129.0,130.0,127.0,128.0,-2.5,26564
2026-01-30,3231,35537072,4647146638,132.0,132.0,130.0,130.5,-2.0,27898
2026-01-29,3231,36860489,4894608210,135.0,135.5,132.0,132.5,-2.0,31002
2026-01-28,3231,37326689,5037791550,136.0,137.5,134.0,134.5,0.0,30474
2026-01-27,3231,40545521,5507621974,137.5,138.5,134.5,134.5,-2.0,35373
2026-01-26,3231,29443636,4023205658,137.0,138.0,135.5,136.5,0.0,21631
2026-01-23,3231,34223487,4674979526,137.5,138.5,135.5,136.5,1.0,24776
2026-01-22,3231,46454812,6290842183,135.5,137.0,134.0,135.5,2.0,31880
2026-01-21,3231,57955907,7833800047,135.0,137.5,133.5,133.5,-2.5,50251
2026-01-20,3231,61420898,8406297991,138.0,139.0,136.0,136.0,-2.5,58746
2026-01-19,3231,118082750,16471410670,143.0,143.5,138.0,138.5,-6.5,98951
2026-01-16,3231,33930276,4905863719,145.5,145.5,143.5,145.0,1.5,22689
2026-01-15,3231,29396419,4225074402,146.0,146.0,143.0,143.5,-2.5,27601
2026-01-14,3231,31548100,4615399948,144.5,148.0,144.0,146.0,2.5,22749
2026-01-13,3231,34452215,4996026099,147.5,148.0,143.5,143.5,-2.5,31695
2026-01-12,3231,45603596,6726000112,150.5,151.0,146.0,146.0,-3.0,40043
2026-01-09,3231,52832497,7903760959,150.5,153.0,148.0,149.0,-2.0,36114
2026-01-08,3231,72666341,11099376116,159.5,160.0,149.0,151.0,-7.5,54461
2026-01-07,3231,77249582,12299110151,155.5,161.0,155.5,158.5,4.0,48772
2026-01-06,3231,34037719,5233774085,155.0,155.5,152.5,154.5,-0.5,25370
2026-01-05,3231,57374537,8923642009,157.0,158.0,153.5,155.0,0.0,36951
2026-01-02,3231,91886281,14087931136,152.0,155.5,149.5,155.0,4.5,57504
2025-12-31,3231,53485207,7983512250,148.0,151.0,147.0,150.5,3.5,36909
2025-12-30,3231,24127266,3510381026,146.0,147.0,143.5,147.0,1.0,18552
2025-12-29,3231,21466668,3145004883,146.5,148.0,145.0,146.0,-0.5,15121
2025-12-26,3231,13976922,2040986659,146.0,146.5,145.5,146.5,1.0,10828
2025-12-24,3231,27768874,4070109174,146.5,148.0,145.5,145.5,0.5,17370
2025-12-23,3231,21399801,3115633714,146.5,147.0,145.0,145.0,-1.5,14130
2025-12-22,3231,41606279,6083915571,146.0,148.0,144.5,146.5,2.5,26153
2025-12-19,3231,32344030,4615671033,141.5,144.0,141.0,144.0,4.5,19074
2025-12-18,3231,23188921,3228419427,138.5,141.0,138.0,139.5,1.5,15774
2025-12-17,3231,25230020,3511199393,140.0,140.5,138.0,138.0,-1.0,21214
2025-12-16,3231,32243739,4489397225,141.0,141.0,138.0,139.0,-2.5,27058
2025-12-15,3231,35532267,5021400743,141.0,143.5,140.5,141.5,-2.0,28089
2025-12-12,3231,24583084,3540780182,145.0,146.0,142.5,143.5,-0.5,22750
2025-12-11,3231,45778606,6687623951,148.5,150.0,144.0,144.0,-3.5,35664
2025-12-10,3231,43429943,6421851853,150.0,150.5,146.5,147.5,-2.0,32746
2025-12-09,3231,95837980,14469778289,153.5,154.0,149.5,149.5,0.5,52113
2025-12-08,3231,38490485,5728436475,151.0,152.0,147.5,149.0,-2.0,40112
2025-12-05,3231,86357618,12973289112,146.0,153.0,145.5,151.0,5.0,51067
2025-12-04,3231,30393738,4419101029,146.0,146.5,144.0,146.0,1.0,15888
2025-12-03,3231,41640214,6056093949,144.5,147.0,144.0,145.0,2.0,21779
2025-12-02,3231,45775058,6572814816,141.5,146.0,141.0,143.0,2.0,23072
2025-12-01,3231,23058775,3271331875,143.5,144.0,141.0,141.0,-3.5,14709
2025-11-28,3231,42676115,6091586358,146.0,146.0,140.5,144.5,-1.0,25514
2025-11-27,3231,41821585,6048655843,144.0,146.0,143.0,145.5,3.0,26969
2025-11-26,3231,27514771,3906753117,141.0,143.0,140.5,142.5,3.0,18535
2025-11-25,3231,20988691,2942322814,141.5,142.5,139.0,139.5,0.5,14045
2025-11-24,3231,33982599,4715895191,140.5,141.0,137.5,139.0,0.0,18793
2025-11-21,3231,39878540,5536336690,139.5,140.5,137.5,139.0,-4.0,27009
2025-11-20,3231,51463488,7361759054,142.5,145.0,141.0,143.0,6.0,31220
2025-11-19,3231,33800340,4647347430,137.5,140.0,136.0,137.0,0.0,21496
2025-11-18,3231,41295960,5685542496,138.0,140.5,136.0,137.0,-1.0,25927
2025-11-17,3231,51212235,7135922447,142.5,143.0,137.0,138.0,-2.5,31860
2025-11-14,3231,55415651,7806508398,141.0,143.0,139.5,140.5,-3.5,39262
2025-11-13,3231,85473273,12398553835,142.0,148.0,141.5,144.0,5.0,46629
2025-11-12,3231,88398135,12348994038,142.0,142.0,138.0,139.0,-5.5,60702
2025-11-11,3231,84453986,12246632774,141.0,148.0,140.5,144.5,6.0,52259
2025-11-10,3231,38781049,5376963180,139.0,141.0,137.0,138.5,1.0,21985
2025-11-07,3231,40658838,5620099916,139.5,141.5,137.0,137.5,-4.5,26645
2025-11-06,3231,43112654,6046165490,138.5,142.5,137.0,142.0,4.5,25833
2025-11-05,3231,76834974,10425208119,136.0,138.5,132.0,137.5,-1.5,49431
2025-11-04,3231,54223018,7680105848,143.0,145.0,139.0,139.0,-4.5,39986
2025-11-03,3231,81148260,11778890872,150.0,150.0,142.5,143.5,-7.0,62162
2025-10-31,3231,59059543,8967978077,155.5,155.5,149.0,150.5,-4.5,50193
2025-10-30,3231,76208641,11737435457,154.0,156.5,151.0,155.0,2.5,52121
2025-10-29,3231,68151885,10328210271,149.0,153.0,148.0,152.5,4.5,42042
2025-10-28,3231,52348830,7731430954,146.0,150.0,144.5,148.0,1.5,33941
2025-10-27,3231,59029376,8619635960,146.5,147.5,144.0,146.5,3.5,33436
2025-10-23,3231,53128868,7702205867,142.0,148.0,141.5,143.0,-0.5,35360
2025-10-22,3231,30789137,4384343751,141.0,144.0,140.5,143.5,1.0,20848
2025-10-21,3231,63374056,9124308239,146.5,146.5,142.0,142.5,0.5,42163
2025-10-20,3231,66049824,9373812142,139.5,144.5,139.0,142.0,5.5,40524
2025-10-17,3231,65225546,8905604251,136.0,138.0,135.0,136.5,-3.0,37824
2025-10-16,3231,58307371,8158261610,139.0,141.5,137.5,139.5,1.5,33544
2025-10-15,3231,38559586,5337551188,139.0,140.5,136.5,138.0,0.0,30272
2025-10-14,3231,77131366,10976311509,148.5,149.5,137.5,138.0,-7.5,58209
2025-10-13,3231,72177222,10484624082,142.5,148.0,142.0,145.5,-5.5,50060
2025-10-09,3231,66170353,9967127215,153.5,154.0,147.5,151.0,0.5,40842
2025-10-08,3231,80192711,12006639835,152.5,152.5,147.5,150.5,-5.5,56197
2025-10-07,3231,92845731,14395419046,157.0,158.0,152.0,156.0,2.5,58625
2025-10-03,3231,90491286,13685771278,149.5,154.0,148.0,153.5,4.0,51622
2025-10-02,3231,121888346,18479816008,154.5,156.0,148.5,149.5,3.5,70649
2025-10-01,3231,284877578,42282203129,146.0,153.5,144.0,146.0,5.5,136806
2025-09-30,3231,110549162,15420914378,135.0,140.5,134.5,140.5,12.5,43896
2025-09-26,3231,121427504,15399977908,125.5,130.0,122.0,128.0,2.5,60381
2025-09-25,3231,101244021,12679792269,122.0,127.5,121.5,125.5,4.0,50254
2025-09-24,3231,29210330,3543171251,123.5,124.0,120.0,121.5,-1.0,24789
2025-09-23,3231,76758569,9493250250,122.5,126.0,122.0,122.5,1.0,43644
2025-09-22,3231,18787173,2276499527,121.5,122.0,120.5,121.5,0.5,13631
2025-09-19,3231,42698383,5165346317,120.5,121.5,119.5,121.0,1.0,17193
2025-09-18,3231,25927702,3096289896,119.5,120.0,118.5,120.0,1.0,12416
2025-09-17,3231,29777866,3568514900,118.0,122.0,118.0,119.0,1.0,15987
2025-09-16,3231,32249469,3826733212,120.0,120.0,117.5,118.0,-1.5,17424
2025-09-15,3231,20920079,2498117355,121.0,121.0,118.5,119.5,-0.5,12581
2025-09-12,3231,25616571,3078988389,120.5,121.5,119.5,120.0,1.0,14812
2025-09-11,3231,51750682,6229465405,122.0,122.5,118.5,119.0,-1.0,30527
2025-09-10,3231,54343261,6474659401,117.5,120.0,117.0,120.0,4.0,34205
2025-09-09,3231,33557159,3908888520,115.5,118.0,114.5,116.0,1.5,20583
2025-09-08,3231,11675682,1342150064,115.5,116.0,114.5,114.5,-1.0,7784
2025-09-05,3231,19819198,2272507129,114.5,115.5,113.0,115.5,2.5,13040
2025-09-04,3231,49140550,5611857758,111.5,116.5,111.0,113.0,3.0,28017
2025-09-03,3231,9421383,1039352844,110.0,111.0,109.5,110.0,0.0,7709
2025-09-02,3231,17232297,1901016452,110.0,111.5,109.0,110.0,0.5,12727
2025-09-01,3231,32460418,3582035373,112.0,112.5,109.0,109.5,-3.5,30621
2025-08-29,3231,17672015,2017350889,115.5,116.0,113.0,113.0,-2.0,13410
2025-08-28,3231,19850960,2279731471,114.5,116.0,113.5,115.0,0.0,11555
2025-08-27,3231,34317094,3942426269,113.5,116.0,113.5,115.0,2.0,19782
2025-08-26,3231,20417000,2302829395,113.5,113.5,112.0,113.0,-0.5,12334
2025-08-25,3231,27636394,3137104858,114.0,114.5,113.0,113.5,1.5,17242
2025-08-22,3231,24400283,2749794622,112.0,114.0,111.5,112.0,0.5,16228
2025-08-21,3231,48819686,5474634602,114.0,115.0,111.0,111.5,-2.0,36474
2025-08-20,3231,35256876,4007285375,115.0,115.5,113.0,113.5,-2.0,26753
2025-08-19,3231,30212515,3515058493,116.0,117.5,115.0,115.5,-0.5,18389
2025-08-18,3231,41642028,4821970764,117.0,117.5,114.5,116.0,-0.5,31513
2025-08-15,3231,49554806,5778619919,117.5,118.0,116.0,116.5,0.0,27217
2025-08-14,3231,58027625,6785775860,117.5,118.0,115.5,116.5,-1.0,34389
2025-08-13,3231,171137552,20501091618,124.0,124.0,117.0,117.5,-8.5,114586
2025-08-12,3231,37804573,4753106369,127.5,127.5,124.5,126.0,-1.5,21273
2025-08-11,3231,69362778,8753413940,126.0,128.0,123.0,127.5,3.0,38741
2025-08-08,3231,33491512,4147122690,124.0,124.5,122.5,124.5,1.0,18342
2025-08-07,3231,26713279,3289158619,124.0,124.0,122.5,123.5,1.0,16700
2025-08-06,3231,20495773,2515456650,123.0,124.0,121.5,122.5,-1.5,15433
2025-08-05,3231,40636588,5001154591,121.5,124.0,121.0,124.0,4.5,23142
2025-08-04,3231,28549074,3425754981,121.5,122.0,119.0,119.5,-4.0,19276
2025-08-01,3231,35749535,4366581443,120.0,123.5,119.5,123.5,0.5,19608
2025-07-31,3231,57587883,7086723213,121.0,124.5,120.5,123.0,2.5,30645
2025-07-30,3231,22733842,2735137632,121.0,121.0,119.0,120.5,0.0,12079
2025-07-29,3231,30791371,3684406419,120.0,120.5,118.0,120.5,0.5,18533
2025-07-28,3231,33102201,3932081303,117.0,120.0,117.0,120.0,3.5,18728
2025-07-25,3231,18744996,2182383400,117.0,118.0,115.5,116.5,-0.5,11540
2025-07-24,3231,27155351,3179202147,116.5,118.0,116.0,117.0,1.0,12961
2025-07-23,3231,21123876,2442807782,115.5,116.5,114.5,116.0,1.5,12292
2025-07-22,3231,46515216,5372787883,118.0,119.0,113.5,114.5,-4.0,33845
2025-07-21,3231,12732123,1509349855,119.5,119.5,118.0,118.5,-0.5,6585
2025-07-18,3231,19608448,2330986968,119.0,119.5,118.0,119.0,1.0,10976
2025-07-17,3231,18220274,2151929639,118.5,119.5,117.5,118.0,0.0,11418
2025-07-16,3231,35734962,4254920303,120.0,120.5,117.5,118.0,-2.0,20588
2025-07-15,3231,23058941,2741566377,117.5,120.0,117.5,120.0,3.0,11183
2025-07-14,3231,21958560,2574099424,118.5,118.5,116.5,117.0,-2.5,13965
2025-07-11,3231,15698791,1877101196,120.0,120.0,119.0,119.5,-0.5,8246
2025-07-10,3231,18942734,2279431748,121.0,121.5,119.5,120.0,-0.5,12042
2025-07-09,3231,37815217,4539810301,120.5,121.0,119.0,120.5,2.0,19977
2025-07-08,3231,31219672,3660710871,117.5,119.0,116.0,118.5,0.5,16306
2025-07-07,3231,23859690,2803280939,119.0,119.0,116.5,118.0,-1.0,13380
2025-07-04,3231,35390604,4227946321,121.5,122.0,119.0,119.0,-2.0,15403
2025-07-03,3231,19888048,2404022301,121.5,122.0,120.0,121.0,1.0,11673
2025-07-02,3231,18278024,2194645459,120.0,121.0,119.5,120.0,0.0,10356
2025-07-01,3231,51819223,6244493363,122.5,123.5,119.0,120.0,-2.5,29694
2025-06-30,3231,28775594,3513859180,122.5,123.0,121.0,122.5,1.5,14502
2025-06-27,3231,62641467,7615947351,125.0,125.5,120.5,121.0,-4.0,32817
2025-06-26,3231,63202981,7913372619,127.0,127.0,123.5,125.0,-0.5,30221
2025-06-25,3231,123090890,15322481945,122.5,126.5,121.5,125.5,5.5,61152
2025-06-24,3231,49969527,6012016600,119.5,121.0,119.0,120.0,1.5,30769
2025-06-23,3231,35472691,4184610627,116.5,119.0,116.0,118.5,0.0,18456
2025-06-20,3231,64374602,7580145965,117.0,119.5,115.5,118.5,3.0,29100
2025-06-19,3231,25026737,2913200719,116.0,118.0,115.5,115.5,-0.5,12493
2025-06-18,3231,34954912,4080707079,118.0,118.5,115.5,116.0,-2.0,18212
2025-06-17,3231,40293808,4778764915,119.5,120.5,117.0,118.0,-1.0,19070
2025-06-16,3231,24068543,2848381908,118.5,119.0,117.5,119.0,0.5,14531
2025-06-13,3231,58285510,6868165203,116.0,119.0,115.5,118.5,2.0,29714
2025-06-12,3231,41840546,4852306433,114.0,117.0,113.5,116.5,1.5,17852
2025-06-11,3231,33291375,3825925047,115.0,115.5,114.0,115.0,0.5,15250
2025-06-10,3231,44542956,5079137555,113.5,114.5,112.5,114.5,1.0,20309
2025-06-09,3231,63554451,7107533149,110.5,114.0,109.5,113.5,3.5,28075
2025-06-06,3231,94841151,10462281342,111.5,112.0,109.5,110.0,-5.0,54707
2025-06-05,3231,77224875,9051738731,120.0,120.5,115.0,115.0,1.0,34592
2025-06-04,3231,38858416,4410098099,111.5,114.5,111.5,114.0,4.5,20807
2025-06-03,3231,55539833,6136033857,112.0,112.5,109.0,109.5,0.0,29045
2025-06-02,3231,37237167,4291827550,115.5,116.5,114.5,115.0,-1.5,19937
2025-05-29,3231,68088690,7990849662,117.5,119.0,115.5,116.5,1.0,30604
2025-05-28,3231,26015486,3007377716,117.0,117.5,114.5,115.5,0.5,12599
2025-05-27,3231,26255566,3025072585,116.0,116.0,114.0,115.0,-1.0,13322
2025-05-26,3231,55235767,6347389173,113.0,116.0,112.5,116.0,3.0,27491
2025-05-23,3231,25040167,2819610658,113.5,113.5,111.0,113.0,0.0,11702
2025-05-22,3231,21805064,2457122484,112.0,113.5,111.5,113.0,0.0,12406
2025-05-21,3231,55978872,6321690124,110.5,115.0,110.0,113.0,3.5,30372
2025-05-20,3231,17130236,1881053466,110.5,111.5,109.0,109.5,0.5,9292
2025-05-19,3231,30609700,3389117889,111.0,112.5,109.0,109.0,-2.0,17407
2025-05-16,3231,24994134,2781222358,112.0,112.5,110.5,111.0,-0.5,15152
2025-05-15,3231,37025508,4159731977,114.0,114.5,111.0,111.5,-3.0,23564
2025-05-14,3231,79420025,8994176763,110.5,115.0,110.0,114.5,6.0,47689
2025-05-13,3231,37069708,4053219364,111.0,111.5,108.0,108.5,0.0,17904
2025-05-12,3231,27535005,2985327216,108.5,109.5,107.5,108.5,1.5,14851
2025-05-09,3231,22211906,2374595438,108.0,108.0,105.5,107.0,0.0,12507
2025-05-08,3231,18840834,2018858187,108.0,108.5,106.5,107.0,0.5,10207
2025-05-07,3231,34213395,3645496049,106.0,107.5,105.0,106.5,-2.5,17571
2025-05-06,3231,56004597,6013905899,103.5,109.0,103.0,109.0,5.5,31716
2025-05-05,3231,25126148,2609319303,106.0,106.0,102.5,103.5,-2.0,14040
2025-05-02,3231,35356707,3696730086,103.5,105.5,103.0,105.5,4.0,19890
2025-04-30,3231,17881609,1831646669,103.5,104.0,101.5,101.5,-2.5,10013
2025-04-29,3231,13876800,1432994473,102.5,104.0,102.0,104.0,1.5,8057
2025-04-28,3231,21311179,2198905935,103.0,104.5,102.0,102.5,0.0,11570
2025-04-25,3231,30423486,3136547346,103.5,104.5,102.0,102.5,1.5,16355
2025-04-24,3231,23935047,2431713755,103.5,103.5,100.5,101.0,-1.5,13052
2025-04-23,3231,41759896,4280052044,102.0,103.5,101.0,102.5,3.7,21645
2025-04-22,3231,45328733,4546155889,101.5,103.0,98.8,98.8,-4.2,29931
2025-04-21,3231,35670027,3711341408,104.5,105.5,102.5,103.0,-2.0,19495
2025-04-18,3231,73075092,7616866674,101.0,106.0,100.5,105.0,4.5,37457
2025-04-17,3231,48435407,4879559145,99.0,102.5,98.7,100.5,0.8,26345
2025-04-16,3231,48043691,4799560842,100.0,101.5,98.6,99.7,-2.8,50813
2025-04-15,3231,85966649,8795182548,98.9,106.0,97.3,102.5,5.2,54084
2025-04-14,3231,55643485,5406084812,96.8,98.7,95.1,97.3,7.0,36022
2025-04-11,3231,61320487,5320285265,82.1,90.3,80.5,90.3,8.2,40256
2025-04-10,3231,4244066,345477691,82.1,82.1,82.1,82.1,7.4,2117
2025-04-09,3231,72170957,5622235068,79.5,83.6,73.8,74.7,-7.2,51482
2025-04-08,3231,45105946,3734405084,82.2,85.0,81.9,81.9,-9.0,27364
2025-04-07,3231,3927515,362554949,90.9,90.9,90.9,90.9,-10.1,5159
2025-04-02,3231,13424353,1349893336,100.5,101.5,99.9,101.0,-0.5,8311
2025-04-01,3231,24164007,2406273524,96.5,101.5,96.5,101.5,6.2,15400
2025-03-31,3231,30560465,2956166164,96.0,99.0,95.3,95.3,-5.2,22933
2025-03-28,3231,28144762,2846644873,103.5,103.5,100.0,100.5,-4.0,17247
2025-03-27,3231,15599079,1618644576,103.5,104.5,103.0,104.5,-1.0,7605
2025-03-26,3231,13870777,1454632557,104.0,105.5,103.5,105.5,2.0,6033
2025-03-25,3231,13530915,1403612467,105.0,105.5,103.0,103.5,0.0,8733
2025-03-24,3231,10441818,1088590618,106.0,106.0,103.5,103.5,-2.0,6632
2025-03-21,3231,14085555,1482790102,105.5,106.0,104.5,105.5,0.5,7302
2025-03-20,3231,11755550,1236953661,104.5,106.0,104.0,105.0,2.0,7153
2025-03-19,3231,28452121,2957362220,107.5,107.5,103.0,103.0,-4.5,21743
2025-03-18,3231,12974057,1394601869,107.0,108.5,106.5,107.5,1.5,6931
2025-03-17,3231,9725163,1030923101,105.5,106.5,105.0,106.0,1.5,5901
2025-03-14,3231,9071794,947831250,105.0,105.5,103.5,104.5,0.5,5950
2025-03-13,3231,11307593,1192421342,106.0,107.0,104.0,104.0,-0.5,7573
2025-03-12,3231,11572672,1219236896,105.5,106.5,104.0,104.5,0.0,7623
2025-03-11,3231,17206626,1789859261,102.5,105.5,102.5,104.5,-1.5,11003
2025-03-10,3231,13761677,1473491448,108.0,109.0,106.0,106.0,-1.0,8264
2025-03-07,3231,12369345,1326018807,106.5,108.0,106.0,107.0,0.0,7181
2025-03-06,3231,16557518,1796011458,110.5,110.5,107.0,107.0,-3.5,10821
2025-03-05,3231,16030033,1752808300,108.5,111.0,107.5,110.5,2.0,9220
2025-03-04,3231,19966343,2138207110,105.0,110.0,104.0,108.5,1.5,12131
2025-03-03,3231,30725820,3321529883,108.0,110.0,107.0,107.0,-5.0,19785
2025-02-27,3231,25745523,2906833475,115.0,115.5,112.0,112.0,-3.0,14014
2025-02-26,3231,15846154,1805676916,111.5,115.0,111.5,115.0,3.0,10550
2025-02-25,3231,29578136,3339137615,113.5,115.0,111.5,112.0,-3.0,18173
2025-02-24,3231,27940520,3204568583,115.5,116.0,113.5,115.0,-2.5,15809
2025-02-21,3231,24581120,2880100739,116.5,118.0,115.5,117.5,1.0,15078
2025-02-20,3231,28847374,3363280058,116.0,117.5,115.0,116.5,0.5,15772
2025-02-19,3231,32037298,3741941349,116.5,117.5,116.0,116.0,0.0,19669
2025-02-18,3231,46202452,5313688915,113.5,116.5,112.5,116.0,3.0,27954
2025-02-17,3231,34096248,3894127559,113.5,116.0,113.0,113.0,1.5,20324
2025-02-14,3231,16193406,1805232841,112.0,112.0,110.5,111.5,-0.5,12671
2025-02-13,3231,58989520,6608477650,111.0,113.0,109.0,112.0,3.5,34099
2025-02-12,3231,25688702,2780328523,108.0,109.5,107.0,108.5,0.5,15619
2025-02-11,3231,32605371,3492077535,104.5,108.0,104.5,108.0,4.0,19567
2025-02-10,3231,16466747,1707533846,103.5,104.5,102.5,104.0,-0.5,10207
2025-02-07,3231,16801211,1752081974,104.0,105.0,103.0,104.5,1.0,10215
2025-02-06,3231,23304033,2388551504,103.0,103.5,101.0,103.5,1.5,14414
2025-02-05,3231,28139386,2857866951,100.0,102.5,99.8,102.0,3.0,16585
2025-02-04,3231,44334525,4446802033,101.0,101.5,99.0,99.0,-1.0,28897
2025-02-03,3231,55962412,5642496577,101.0,102.5,100.0,100.0,-10.0,44653
2025-01-22,3231,41247530,4560478587,112.0,112.5,109.5,110.0,-1.5,25875
2025-01-21,3231,42402247,4696337225,111.5,112.0,109.0,111.5,-1.0,30701
2025-01-20,3231,90927807,10109103086,110.0,114.5,108.5,112.5,7.5,55893
2025-01-17,3231,25696484,2673479439,105.5,105.5,102.5,105.0,0.5,12782
2025-01-16,3231,19302451,2023801739,104.5,106.0,104.0,104.5,3.0,10769
2025-01-15,3231,17774514,1828552926,104.0,105.0,101.5,101.5,-3.0,12069
2025-01-14,3231,19241521,1995477885,102.5,105.5,102.0,104.5,1.5,10009
2025-01-13,3231,32066220,3287617062,102.5,104.0,100.0,103.0,0.0,18738
2025-01-10,3231,17765054,1843855064,105.0,106.0,103.0,103.0,-1.5,12439
2025-01-09,3231,26161982,2792724376,109.0,109.5,104.5,104.5,-3.0,16301
2025-01-08,3231,13271766,1427855768,106.5,108.5,106.0,107.5,0.0,7545
2025-01-07,3231,18570491,1996454703,107.5,108.0,106.5,107.5,1.0,10077
2025-01-06,3231,22568497,2417425789,107.0,108.0,106.0,106.5,1.0,10845
2025-01-03,3231,27960825,2925081644,103.0,107.0,102.5,105.5,2.5,14834
2025-01-02,3231,24027863,2508036464,103.5,106.5,103.0,103.0,-1.0,12058
2024-12-31,3231,21410430,2224098918,104.0,105.0,103.0,104.0,0.0,10033
2024-12-30,3231,22053666,2317000198,106.5,107.0,104.0,104.0,-2.5,13643
2024-12-27,3231,13556956,1444839618,106.5,107.5,106.0,106.5,0.5,6700
2024-12-26,3231,26979996,2882965029,108.5,109.5,106.0,106.0,-2.0,14292
2024-12-25,3231,13738728,1483456286,108.5,109.0,107.0,108.0,0.5,6424
2024-12-24,3231,20027796,2167979507,109.0,109.5,107.5,107.5,-0.5,8643
2024-12-23,3231,20189560,2186221306,108.0,109.5,107.5,108.0,2.0,10131
2024-12-20,3231,23709403,2523890028,106.5,108.0,106.0,106.0,-0.5,11384
2024-12-19,3231,18862343,1997069805,105.5,106.5,105.0,106.5,-1.5,12409
2024-12-18,3231,23540779,2516604322,107.5,108.0,106.0,108.0,-0.5,14563
2024-12-17,3231,22968286,2492870791,106.5,110.0,106.5,108.5,2.0,12014
2024-12-16,3231,45635561,4948168353,111.5,112.5,106.0,106.5,-5.0,29428
2024-12-13,3231,26463910,2969254210,113.0,114.0,111.0,111.5,-2.0,19332
2024-12-12,3231,17923801,2050995093,115.5,116.0,113.5,113.5,-0.5,10737
2024-12-11,3231,25544283,2917821891,114.5,115.5,113.5,114.0,-2.5,15651
2024-12-10,3231,20056273,2333878895,118.0,118.5,115.5,116.5,-2.0,13732
2024-12-09,3231,21173576,2516014210,120.0,120.5,117.5,118.5,-0.5,17829
2024-12-06,3231,56772663,6806975974,118.0,122.0,118.0,119.0,2.0,31402
2024-12-05,3231,27201037,3183012808,116.5,118.0,116.0,117.0,1.0,15704
2024-12-04,3231,18624104,2148593032,115.0,116.0,114.0,116.0,1.0,10873
2024-12-03,3231,27071136,3113362209,115.5,117.0,113.5,115.0,1.0,13977
2024-12-02,3231,17844460,2037087411,114.5,115.0,113.5,114.0,0.5,9812
2024-11-29,3231,28317958,3202474083,111.5,115.0,111.0,113.5,0.0,19032
2024-11-28,3231,36506109,4134017260,114.5,115.0,111.5,113.5,1.0,21501
2024-11-27,3231,73081512,8380724287,118.5,119.0,112.5,112.5,-7.5,48930
2024-11-26,3231,56679389,6851439984,122.5,122.5,119.0,120.0,-4.5,42005
2024-11-25,3231,103210457,12855312407,123.0,126.0,122.5,124.5,6.0,47498
2024-11-22,3231,58780257,6965229677,115.5,121.0,115.5,118.5,4.5,28457
2024-11-21,3231,17903488,2044085705,113.5,115.5,112.5,114.0,0.0,9360
2024-11-20,3231,22957895,2630693487,115.0,116.5,113.0,114.0,0.0,13084
2024-11-19,3231,37475907,4271282575,115.0,115.5,112.5,114.0,0.5,18122
2024-11-18,3231,33728469,3880202630,116.5,117.5,113.0,113.5,-4.0,20097
2024-11-15,3231,47935818,5605930212,119.5,119.5,115.0,117.5,-1.0,26490
2024-11-14,3231,36216914,4325836023,121.5,121.5,118.0,118.5,-2.5,19573
2024-11-13,3231,60638482,7331603956,117.5,122.5,117.5,121.0,4.0,30220
2024-11-12,3231,73856231,8699979017,119.0,119.5,116.0,117.0,-5.0,38431
2024-11-11,3231,61434673,7550236823,124.0,125.5,121.5,122.0,-1.5,31327
2024-11-08,3231,114837688,14170592378,121.5,125.5,121.0,123.5,3.5,60071
2024-11-07,3231,42290022,5067688103,120.0,120.5,118.5,120.0,0.5,23221
2024-11-06,3231,76011955,9114075324,119.5,121.5,118.0,119.5,1.0,41218
2024-11-05,3231,76098508,9006771754,116.0,120.0,115.0,118.5,2.5,45720
2024-11-04,3231,52147073,6046982035,115.5,117.0,114.5,116.0,1.0,30939
2024-11-01,3231,68940664,7830809580,107.5,115.5,107.5,115.0,4.0,34134
2024-10-30,3231,21563917,2415265907,113.5,113.5,111.0,111.0,-1.5,11342
2024-10-29,3231,32622161,3644679000,112.5,113.0,110.0,112.5,-1.0,17083
2024-10-28,3231,42703914,4861533751,116.0,116.5,112.0,113.5,-1.5,23322
2024-10-25,3231,83696004,9571453321,110.5,116.0,110.0,115.0,5.5,46530
2024-10-24,3231,21754215,2405658456,112.5,112.5,109.5,109.5,-3.5,17829
2024-10-23,3231,21652869,2443770098,113.0,114.0,112.0,113.0,0.0,14912
2024-10-22,3231,41246083,4627828240,111.0,113.0,109.5,113.0,2.5,24370
2024-10-21,3231,16091842,1777906185,110.0,111.5,109.5,110.5,1.5,9551
2024-10-18,3231,38007366,4221891899,112.5,113.0,109.0,109.0,-1.5,20357
2024-10-17,3231,25097948,2763564212,109.5,111.0,109.0,110.5,1.0,15659
2024-10-16,3231,26720082,2910782716,107.0,110.0,106.5,109.5,0.5,16386
2024-10-15,3231,44052220,4825850331,110.0,111.0,108.0,109.0,0.0,25362
2024-10-14,3231,31497780,3415166889,109.5,110.0,107.5,109.0,0.5,21027
2024-10-11,3231,56010297,6032915566,105.5,109.0,104.5,108.5,3.5,34315
2024-10-09,3231,40350903,4225721045,103.5,105.5,103.0,105.0,3.0,22700
2024-10-08,3231,16807564,1700662081,101.0,102.0,100.5,102.0,0.0,9102
2024-10-07,3231,15669859,1602000688,102.0,103.5,101.5,102.0,2.0,8699
2024-10-04,3231,20575626,2084861487,102.0,103.5,100.0,100.0,-1.5,12418
2024-10-01,3231,7399452,750941233,101.5,102.5,101.0,101.5,0.5,7093
2024-09-30,3231,11898003,1215345129,103.5,103.5,101.0,101.0,-3.0,12198
2024-09-27,3231,16785325,1753461143,104.5,105.5,103.5,104.0,0.5,8592
2024-09-26,3231,19671428,2042935128,105.5,106.0,103.0,103.5,-1.0,15699
2024-09-25,3231,31751525,3315935954,103.5,105.0,103.0,104.5,2.0,18877
2024-09-24,3231,13348910,1359886246,101.5,102.5,100.5,102.5,1.0,7143
2024-09-23,3231,8921369,904206240,101.5,102.0,101.0,101.5,0.5,4837
2024-09-20,3231,30215927,3072490317,103.5,104.0,101.0,101.0,-1.5,9039
2024-09-19,3231,10461459,1069706217,102.5,103.0,101.5,102.5,1.0,6452
2024-09-18,3231,18508719,1897496111,102.5,103.5,101.0,101.5,-1.5,11806
2024-09-16,3231,19126087,1955359352,102.0,103.0,101.0,103.0,2.0,11387
2024-09-13,3231,20438830,2050752118,100.0,101.5,99.1,101.0,1.7,15724
2024-09-12,3231,27864574,2755618199,96.8,99.9,96.8,99.3,4.8,18602
2024-09-11,3231,8277213,786899921,95.0,95.7,94.5,94.5,0.2,5549
2024-09-10,3231,14654068,1399812178,97.4,97.8,94.0,94.3,-2.5,11248
2024-09-09,3231,21633888,2073179082,95.9,96.8,94.7,96.8,-1.2,16354
2024-09-06,3231,20965949,2036303085,94.4,98.5,94.0,98.0,4.0,14948
2024-09-05,3231,15039239,1428090641,95.0,95.9,93.7,94.0,0.0,11493
2024-09-04,3231,36590388,3467039010,94.5,96.6,92.6,94.0,-5.1,28949
2024-09-03,3231,29420179,2928230445,100.0,101.0,98.5,99.1,-0.9,17222
2024-09-02,3231,18676875,1900105806,102.5,103.5,100.0,100.0,-1.5,9187
2024-08-30,3231,20758490,2109656217,102.0,102.5,101.0,101.5,0.0,6210
2024-08-29,3231,19230402,1946855838,101.0,102.0,100.5,101.5,-2.0,10702
2024-08-28,3231,18890688,1938460957,102.0,103.5,101.0,103.5,2.0,9937
2024-08-27,3231,9084098,919872125,101.5,102.0,100.5,101.5,0.0,5980
2024-08-26,3231,17255968,1772209911,103.0,104.0,101.5,101.5,-1.0,9508
2024-08-23,3231,18700086,1903850580,101.0,103.0,100.5,102.5,1.0,10353
2024-08-22,3231,10836629,1102320026,102.5,102.5,101.0,101.5,0.0,6216
2024-08-21,3231,21798452,2210053557,100.0,102.5,99.7,101.5,0.5,11350
2024-08-20,3231,22559834,2298323668,102.5,103.5,101.0,101.0,0.5,11380
2024-08-19,3231,21087292,2132721664,102.5,103.0,100.5,100.5,-2.0,12309
2024-08-16,3231,22406353,2301526187,103.5,104.0,102.0,102.5,1.0,13176
2024-08-15,3231,19858069,2032101158,103.0,104.0,101.0,101.5,-2.0,13282
2024-08-14,3231,42929664,4432944067,105.0,105.5,101.5,103.5,1.5,20988
2024-08-13,3231,41726424,4257305131,103.5,104.0,100.5,102.0,-0.5,23624
2024-08-12,3231,44224271,4476281465,98.0,102.5,98.0,102.5,5.2,26385
2024-08-09,3231,64754069,6381570992,98.7,99.8,97.2,97.3,2.5,35165
2024-08-08,3231,57848732,5476290025,95.0,95.8,92.8,94.8,-2.7,31538
2024-08-07,3231,54304776,5150970637,89.7,97.5,89.3,97.5,8.8,31825
2024-08-06,3231,48779700,4276914296,89.4,90.8,83.2,88.7,2.0,29216
2024-08-05,3231,62989411,5550905716,92.0,92.2,86.7,86.7,-9.6,38400
2024-08-02,3231,33571577,3253467384,97.6,98.3,95.5,96.3,-3.7,23419
2024-08-01,3231,29734995,2953227527,98.8,100.5,98.0,100.0,3.2,19115
2024-07-31,3231,21998274,2138823957,96.3,99.0,95.6,96.8,-0.2,16210
2024-07-30,3231,24516373,2333466177,94.7,97.5,93.7,97.0,2.0,17953
2024-07-29,3231,31662946,3046399418,98.3,98.8,95.0,95.0,-2.0,25198
2024-07-26,3231,42992705,4182284112,97.2,98.4,96.2,97.0,-4.0,34129
2024-07-23,3231,23879569,2416558558,102.0,103.0,100.5,101.0,0.5,16691
2024-07-22,3231,57133493,5815149767,105.5,106.0,99.6,100.5,-5.0,31405
2024-07-19,3231,35496218,3774887621,107.0,107.5,105.5,105.5,-1.5,21323
2024-07-18,3231,41749994,4475445957,107.0,108.5,106.5,107.0,-2.0,22432
2024-07-17,3231,53317736,5906967566,113.5,113.5,109.0,109.0,-4.5,41938
2024-07-16,3231,102537142,11475516841,107.0,114.0,106.5,113.5,7.0,54956
2024-07-15,3231,16593302,1770193102,107.0,107.5,106.0,106.5,0.5,9440
2024-07-12,3231,30219883,3217597010,106.5,107.5,106.0,106.0,-2.0,18853
2024-07-11,3231,24236333,2615011760,109.0,109.0,107.0,108.0,0.0,14009
2024-07-10,3231,25216635,2733374985,109.0,109.5,108.0,108.0,-0.5,13167
2024-07-09,3231,45659255,5039648411,112.5,113.0,108.5,108.5,-2.5,25550
2024-07-08,3231,38200500,4235612151,109.5,112.0,109.0,111.0,2.0,21279
2024-07-05,3231,14833816,1614794019,109.5,110.0,108.5,109.0,0.0,9465
2024-07-04,3231,21417856,2338426656,110.5,111.0,108.5,109.0,-0.5,13528
2024-07-03,3231,24792073,2692518253,108.0,109.5,107.0,109.5,2.0,13151
2024-07-02,3231,23062693,2485685486,108.0,109.0,107.0,107.5,0.0,11624
2024-07-01,3231,18863883,2014292330,106.5,107.5,106.0,107.5,1.5,10924
2024-06-28,3231,18999368,2024590496,107.0,107.5,106.0,106.0,-0.5,11468
2024-06-27,3231,25366498,2698471871,105.5,107.5,105.5,106.5,-0.5,13478
2024-06-26,3231,33078957,3539421285,108.0,109.0,105.5,107.0,-1.0,20101
2024-06-25,3231,43009724,4568787414,107.0,108.0,104.5,108.0,0.0,23962
2024-06-24,3231,57098268,6369253628,113.5,114.5,110.0,110.0,-3.0,29283
2024-06-21,3231,60232343,6788505189,111.5,114.0,110.0,113.0,1.5,28988
2024-06-20,3231,39552371,4419531643,112.0,112.5,111.0,111.5,0.5,24457
2024-06-19,3231,96592639,10650272165,107.5,112.0,107.5,111.0,4.0,46099
2024-06-18,3231,25923356,2774310586,107.5,108.0,106.5,107.0,0.5,14275
2024-06-17,3231,26789910,2861312720,108.5,108.5,106.0,106.5,-2.0,16557
2024-06-14,3231,35499291,3827713624,109.0,109.5,107.0,108.5,0.0,17360
2024-06-13,3231,37970624,4111945660,107.0,109.0,107.0,108.5,2.0,21375
2024-06-12,3231,79596192,8412479885,107.5,107.5,104.5,106.5,-1.0,45666
2024-06-11,3231,55583288,6016813294,109.5,110.0,107.0,107.5,-2.0,36027
2024-06-07,3231,68238896,7507111275,112.0,112.5,109.0,109.5,-2.5,45832
2024-06-06,3231,35649823,3996450614,113.5,114.0,111.5,112.0,0.0,21091
2024-06-05,3231,32182825,3615745497,113.0,113.5,111.5,112.0,-0.5,18804
2024-06-04,3231,32300746,3645463185,114.0,114.5,112.0,112.5,-1.5,20604
2024-06-03,3231,57769007,6630891382,114.5,116.5,113.5,114.0,2.0,31376
2024-05-31,3231,70766670,8034774668,114.5,115.5,112.0,112.0,-2.0,37047
2024-05-30,3231,43029138,4968215353,115.5,117.5,114.0,114.0,-2.0,25800
2024-05-29,3231,59019521,6909048282,119.5,120.0,116.0,116.0,-3.0,34113
2024-05-28,3231,145673092,17482176017,119.0,123.0,118.5,119.0,2.5,67774
2024-05-27,3231,54486860,6332668009,116.5,117.0,115.0,116.5,1.5,28600
2024-05-24,3231,34326072,3948851948,113.5,116.0,113.0,115.0,1.0,18164
2024-05-23,3231,45808505,5248645020,116.0,116.5,113.5,114.0,-1.0,24156
2024-05-22,3231,39489074,4500464378,112.5,115.0,112.5,115.0,2.5,20274
2024-05-21,3231,31612992,3562339070,111.5,113.5,111.5,112.5,1.5,14510
2024-05-20,3231,45488293,5070084355,112.5,113.0,110.5,111.0,-1.0,24359
2024-05-17,3231,37106613,4171587861,112.0,113.5,111.5,112.0,0.0,18280
2024-05-16,3231,89548253,10249553767,117.5,118.0,112.0,112.0,-3.0,48534
2024-05-15,3231,106634866,12298742151,112.5,117.0,112.0,115.0,3.5,52434
2024-05-14,3231,46171378,5146958546,112.0,113.0,110.5,111.5,0.5,25862
2024-05-13,3231,53484142,5994668759,113.0,114.0,111.0,111.0,-3.0,28289
2024-05-10,3231,38378199,4324727281,112.5,114.0,111.0,114.0,2.0,18368
2024-05-09,3231,60430107,6843932393,115.5,115.5,112.0,112.0,-3.0,30615
2024-05-08,3231,53837464,6220604732,115.0,117.0,114.5,115.0,0.5,27268
2024-05-07,3231,27973533,3170758500,114.5,115.0,112.0,114.5,0.5,14636
2024-05-06,3231,41569990,4731223029,113.0,115.0,112.0,114.0,3.0,18969
2024-05-03,3231,52630145,5938132230,115.5,116.5,111.0,111.0,-3.5,30719
2024-05-02,3231,43406094,4920160532,112.0,115.5,110.5,114.5,1.0,18165
2024-04-30,3231,21682932,2468703965,114.5,115.0,113.0,113.5,-0.5,11501
2024-04-29,3231,35385068,4054593053,114.5,116.0,113.5,114.0,1.0,17109
2024-04-26,3231,38506623,4379836452,114.5,115.5,112.5,113.0,1.0,20273
2024-04-25,3231,38864269,4393932907,114.5,114.5,112.0,112.0,-3.5,25116
2024-04-24,3231,86810433,10027248286,113.5,117.5,113.0,115.5,4.5,40948
2024-04-23,3231,36690295,4065909023,111.0,112.5,109.5,111.0,2.5,19441
2024-04-22,3231,77756321,8612459005,113.0,114.0,108.5,108.5,-6.5,47691
2024-04-19,3231,79098006,9127778526,116.0,119.0,111.0,115.0,-3.0,47494
2024-04-18,3231,54920733,6381712856,114.0,118.0,113.0,118.0,3.5,28618
2024-04-17,3231,80114060,9171365191,115.5,116.5,113.0,114.5,0.5,46330
2024-04-16,3231,98473433,11318597499,118.0,118.5,112.5,114.0,-5.5,59606
2024-04-15,3231,53885912,6475478669,121.5,122.5,119.0,119.5,-3.0,33138
2024-04-12,3231,55860583,6902629295,124.0,126.0,122.0,122.5,-0.5,30755
2024-04-11,3231,69306789,8598608930,125.0,127.0,122.5,123.0,-2.5,40706
2024-04-10,3231,72672792,9207942248,128.0,129.0,125.0,125.5,-0.5,37711
2024-04-09,3231,141481192,18026874707,132.0,132.0,125.5,126.0,-6.0,80074
2024-04-08,3231,127285574,16714920658,132.0,133.0,129.0,132.0,2.5,55810
2024-04-03,3231,196355937,25310883115,123.5,133.0,122.5,129.5,4.5,94354
2024-04-02,3231,81508614,10126081206,124.0,125.5,123.0,125.0,2.5,35525
2024-04-01,3231,111872117,13867959144,127.0,127.5,122.0,122.5,-2.5,51103
2024-03-29,3231,241803262,30358024786,121.0,130.0,121.0,125.0,4.5,124585
2024-03-28,3231,49063872,5828714700,117.5,120.5,117.0,120.5,3.5,28608
2024-03-27,3231,42999900,5021213940,117.0,118.5,116.0,117.0,0.0,27460
2024-03-26,3231,101897280,12030377097,120.0,121.5,115.0,117.0,-5.0,64103
2024-03-25,3231,48777811,6016470726,125.0,125.0,122.0,122.0,-1.0,27338
2024-03-22,3231,85129355,10470521127,121.0,124.5,120.5,123.0,2.5,40745
2024-03-21,3231,42288976,5115668375,122.0,122.5,120.0,120.5,0.5,22683
2024-03-20,3231,107418909,13143342823,124.0,125.5,119.0,120.0,-2.5,59869
2024-03-19,3231,109329280,13312829863,121.0,124.0,119.5,122.5,2.5,52645
2024-03-18,3231,55848385,6693146371,120.0,121.5,118.5,120.0,0.5,27939
2024-03-15,3231,87072867,10276385620,114.0,120.0,113.5,119.5,4.0,39794
2024-03-14,3231,66482969,7673818490,116.0,118.0,113.0,115.5,-1.0,38018
2024-03-13,3231,133929550,15815526168,123.0,123.0,115.0,116.5,-6.0,86901
2024-03-12,3231,79010162,9621657078,122.0,123.0,119.5,122.5,1.5,46977
2024-03-11,3231,197975785,24218277711,120.5,126.0,119.0,121.0,5.0,95396
2024-03-08,3231,69981084,8191575532,117.0,120.0,114.5,116.0,0.0,38849
2024-03-07,3231,69684083,8177781559,120.5,121.0,116.0,116.0,-3.5,44361
2024-03-06,3231,62338310,7474299408,120.0,121.0,118.5,119.5,-2.0,34835
2024-03-05,3231,127769962,15456096294,118.5,123.0,117.0,121.5,5.0,59801
2024-03-04,3231,81525712,9687061591,121.5,122.5,116.0,116.5,-1.5,43063
2024-03-01,3231,82985881,9825350630,118.0,119.5,117.0,118.0,2.5,40592
2024-02-29,3231,58999522,6742739378,113.0,115.5,112.0,115.5,2.0,28520
2024-02-27,3231,98069608,11136921847,117.0,118.0,111.0,113.5,-3.5,53528
2024-02-26,3231,60002356,6996179746,117.0,118.5,115.5,117.0,1.0,32546
2024-02-23,3231,102961489,12264068856,122.5,123.0,116.0,116.0,-3.0,61571
2024-02-22,3231,105971192,12823688435,124.0,124.5,119.0,119.0,0.5,55707
2024-02-21,3231,86666749,10260899160,120.0,120.5,117.0,118.5,-3.5,51353
2024-02-20,3231,73566602,8990309961,122.5,124.5,120.5,122.0,-0.5,42007
2024-02-19,3231,77300258,9602615545,125.0,127.5,122.5,122.5,-3.5,46754
2024-02-16,3231,126943944,16259284341,130.0,131.5,126.0,126.0,-4.5,68679
2024-02-15,3231,160127657,21147844125,133.0,135.0,130.0,130.5,6.0,82989
2024-02-05,3231,156507032,19234127120,121.0,125.0,120.0,124.5,4.5,75211
2024-02-02,3231,126097858,15008138580,118.0,120.0,117.0,120.0,5.0,64785
2024-02-01,3231,43954167,5021971210,113.5,115.5,113.0,115.0,0.5,24619
2024-01-31,3231,70466485,8119495202,116.5,116.5,114.5,114.5,-3.5,38099
2024-01-30,3231,94346101,11175202425,118.5,120.0,117.0,118.0,1.5,48604
2024-01-29,3231,78687856,9123812424,113.5,117.5,113.0,116.5,3.5,41830
2024-01-26,3231,84718705,9581650780,114.5,115.0,112.0,113.0,-2.0,45779
2024-01-25,3231,150589956,17621738963,118.0,120.0,114.5,115.0,-1.0,71585
2024-01-24,3231,95185577,11023050679,118.0,118.5,114.0,116.0,-1.0,46375
2024-01-23,3231,133064857,15445663945,116.0,118.0,114.0,117.0,0.5,67669
2024-01-22,3231,269155759,31092054620,114.0,117.5,112.5,116.5,9.5,118852
2024-01-19,3231,270968781,28210103483,100.0,107.0,99.6,107.0,9.3,131966
2024-01-18,3231,64706024,6285328830,98.3,98.8,95.6,97.7,-0.2,41567
2024-01-17,3231,89843314,8910539694,99.6,100.5,97.8,97.9,-0.7,53456
2024-01-16,3231,52030909,5145782713,98.4,99.7,98.1,98.6,0.0,30119
2024-01-15,3231,110044000,10984525393,102.5,103.0,98.1,98.6,-0.9,75008
2024-01-12,3231,119217877,11796845039,97.0,100.5,96.4,99.5,1.9,67847
2024-01-11,3231,83669235,8090181958,95.1,97.7,94.7,97.6,3.1,46073
2024-01-10,3231,40567138,3845433060,94.1,95.6,93.6,94.5,0.5,23172
2024-01-09,3231,83668222,8010586072,96.3,97.6,94.0,94.0,-0.4,45701
2024-01-08,3231,37949238,3594874397,94.1,95.4,93.4,94.4,0.8,21160
2024-01-05,3231,24851759,2338648144,94.4,94.9,93.3,93.6,-0.6,15396
2024-01-04,3231,41349167,3900979765,93.8,95.3,93.4,94.2,0.7,25442
2024-01-03,3231,40341638,3767967604,92.7,94.3,92.4,93.5,-0.2,24650
2024-01-02,3231,111016358,10609147054,98.6,98.7,93.7,93.7,-4.9,69458
