date,market,title,source,link
2026-08-24 08:20:05,US,European Stock Markets’ Low Tech Weighting Is a Trump Card Right Now,Morningstar,https://news.google.com/rss/articles/CBMirgFBVV95cUxQc3pIOElqZ3VIS0hTTTB5V0UzM2dUbnZwRVAyTVMzRFhia3FiNktCY0UwekJKVHFQRk11bjZhYnhubXhJOGxKa1JYNDI4UnQzZWRxRmJpWExHY2dLQnFoUC1TWThnMTlKMXk1bEVZTW1uVUp4S3N1dGJnX3EzSmlsUDU0UUItbHE1OUFDNFRoQkhVWGNTY3k2RHJHMWUtaW5VV1lOSU5weDF2U2s4MHc?oc=5
2026-08-24 08:13:04,US,Global bonds freeze as U.S. prepares ’greatest financial offensive’ against Iran,Investing.com,https://news.google.com/rss/articles/CBMixAFBVV95cUxPMlFnMnZjNDZCcnI2cjhuQTY1MHdWV096aFVMOFE0b0YtczFGcWZ1bWwzWVhnQk9jTlVDM19NU0NHTWVzdGZ2WTVoTXRVQ3NIX0dIYXhsWk9TV0o5Z0Rua3pINjY1WGI0djdIeGlmLTZQTDBIaFh4ZEcwOTNydkx1dTFZbGs4c3N6eG5XdFhOdWRuQl92R1VIZWdUQ2dmUlRYWHp4OENESnR0eWhhNHZYeDVyemIya0UxS2g3NlUwMEpfVEFl?oc=5
2026-08-24 08:00:38,US,"MIB down, market awaits US plan on Iran: gold at $4,700",marketscreener.com,https://news.google.com/rss/articles/CBMiqAFBVV95cUxPNUxIWkpwa1hxU1dwNG5Zam0zdlNEVk5xSmNkUVV1b25NaDlnelZLWUM4RTg0aHlkQVI1ZWJxd0M2Rjd4a3VldUZ5RUVlclRUTUMxUFItRmg5Y2JmS0VTWVdzdWVwWjFJaVZwc0NvbDBHN0ZfV0UycmJLczRkSEgwT28xOWY3LXZQXzZaalZsZFJxTy1lX1c0enN2aE0tY0FYa3pkMTBySmw?oc=5
2026-08-24 07:37:34,US,Citigroup’s $30 Billion Share Repurchase Compares to Regional Bank Acquisition Choices,TechStock²,https://news.google.com/rss/articles/CBMijAFBVV95cUxQTTVfOGx1SHlrN3c2V0Nrdi0ycFZlTVhWOFZKN3RJN0FWdU5qYlZsRHFtYnhRVjVnbDZnclF0STgtbWNnZVQzOEdXM3YzRnFNSWNLUUV5T2taOTliOUVXMTlpY0RQSks5aVA0RDZRQkptS3l5VTQzNlNJQWg2dGx0VmZUT3hYZF9XSWx2Nw?oc=5
2026-08-24 07:32:54,US,"Cathie Wood's Investment Moves on August 21! Increased Positions in SpaceX and Gene-Editing Stocks, Partially Sold Palantir",Moomoo,https://news.google.com/rss/articles/CBMiuAFBVV95cUxPTUpHakRQcFZnYmxUR251MGFST0lXM1dTcTlQWkphOTJWaUd2eVk0OENZZi1xWjBTUWtjX1pWZXUyY29ER3ZQTHBNc05MVF81QkZEVlgzZVExZjMxLXB5ZkpZZFBOOEVXLUpuY25fUVNXdE1RWFNiYnByelBtLWhXTk9FdENaX2dVdURmM1ZpREM3elhQOENjZmFKU3E2ZTh6anVFaDdralAzRkU4WXpONlZ6WU1rZmVo?oc=5
2026-08-24 07:30:32,US,Shein targeting up to £20bn valuation in September stock market float,Yahoo Finance UK,https://news.google.com/rss/articles/CBMikwFBVV95cUxOeXVWNkx4bHpQWVVsVGs0b1dVVlhpY19ONGJYQVA3MlE3R1E3dWNiMC16VEVhWXRkVHZsekxBVzFwbXpmY09XekhsdTdDQW9SYzVHOXNYV1ZCSTMwMi01R05TX056WGJzekpYZnBjeDZLYTd0RVhoRlpBMlVtczZ2by1DOXh2d0NOWmhGUDR3cGxDRTQ?oc=5
2026-08-24 07:28:38,US,Selling pressure dominated amid declines in U.S. and South Korean tech stocks.,Moomoo,https://news.google.com/rss/articles/CBMioAFBVV95cUxQMzRrQ2Vlb2JZOWkwLUYyQXo1U2x2QzJ5OGllclNnRVd6cm9zT3phSU9vcFE1M3NoOEpNamhuNlpMWk4xUTR2Rk5JcEc0eTNoNHBXVzVxWGJndTRkR1BkaDVfVC0xekpWYmt2UWdYQzhNSTZ0TkhNaXJCR29xLXpyVDRmbk5FNWk2VkJ4ZFlrRDlFMGlTYkp0M1pfcjhDV0Z1?oc=5
2026-08-24 06:33:00,US,Tetra Pak Tycoons Slash US Stocks in $17 Billion Portfolio,Bloomberg.com,https://news.google.com/rss/articles/CBMirAFBVV95cUxPNF9BaFZIa2lZUkhOanJXT0RQbWxYdDZyVVNDV0c3ZDNsUWdTVzdTbFRZakVkejhsV3B0S0c3Y1pHUzFPejZzcTVlYXhqZGJTbXMwa3NoUkU3M3l1SGp3bko0TVBpVW9GcndGemowREFCREVmbTZaaDAzeS00cTFnTTNJTHhrSE00dk95RVZlb1lCMjJHSk1wYXVJa3ZIaVhyeXJnODFZbllPdEpu?oc=5
2026-08-24 06:32:20,US,The Vanguard S&P 500 ETF (VOO) Beat the Vanguard Morningstar Total Stock Market ETF (VTI) for 4 Straight Years. Here's Why That's About to Change.,AOL.com,https://news.google.com/rss/articles/CBMidEFVX3lxTE5aeXhnenMxM1pkaDlaUmNwZkdKRUx4ekQxalJrTmxDSkxGNThTRU9ZUjJNZmpEZWJ0VFRqY0d2aVV5aS1SZmFHS1JLZ2dGYlQ2T0VxenpSRktiWk5rVzlhQUZLLTZNVGQ4THRSM3U2RWlNcERD?oc=5
2026-08-24 06:25:06,US,US-Iran war to crude oil prices: Top five triggers that may dictate the Indian stock market this week,livemint.com,https://news.google.com/rss/articles/CBMi_gFBVV95cUxOWmphclJIWFNCMGFGY250QXo4eGhIZW5jVGlhMFVpdnluMVlUbkx4anlfVjZNRVlKS0M5OUo2UGpFQzcyVm9UQ1NWV0kzM3BOeWFySnc0Q1NRdVJHaTJfNGlaRTdUc1hHZlMwUjE3TFd4aXJUWm1wY3Zwb3FUTm81bDJ0Ymx0XzA0ZTVlYzRFXzFsZlYyeXkwNHRYOEJYTnFxTFJLcEdKV2hWUEt5OWwzZzZ4am9HVmI5VVFsblk1WXZTZW9HN1hucnRWQ0VEaWFMOWFBb2c2cWNXN3Y2X29qQzJNU19NMUNZb1hmVmRmWE9XUXpaOWIyVnEtY2ctZ9IBgwJBVV95cUxQeDVfUk5DV19NNDFBRHhPRWVXenQwUHhlWS1rM3NSNGtGLXBfSngwemJRaGpqTUp4cTJPeEdWeGhXQ1VySExBamlLbnUtMW1hWVFCdHlwbjF1X2RsODJPWk1mbmJaZ3RJS1FtRHdia2JsWEpRTGszTmRzVzhvQ2VwYzluQXg1REJvanUtdGd5ekRYYUJyX0t6SHFjNlpBTUlWYnJoaEdEWlBMS1I1Q1ByTTdIcFBRdF9wN2l5ZEU4cWdoTEQtNGtmOVBGcDFZRE9OTUg2TE92WUtidUlkMjZuUDZ6Q0R6dFVsTzNMckYwTm53R19mcE1ZeTYxblVNbXhTTTNr?oc=5
2026-08-24 06:05:00,US,Stock Market: Will S&P 500 Open Up or Down Today?,TradingView,https://news.google.com/rss/articles/CBMiqgFBVV95cUxOYUZxUUlpeWFVb0FsSTBTSmFYOFRKeGxWcXJmSXNqRi1lbm1teXQwOGlCSkxxeUpSTi1mV1lZYjhHX1VpRlRGUVloNEotcEZjWjJNdWtHTTRWWG1ZaEc1Y09MaHNoRDRiWEpGMVM4Qk41LUJFNkFNYXFjd3F0T1VsTUlqaDlsMDlRTUp6MzlBU1dHcXBNVXJud1kyOHdSWEd6UVBGa3gyUjFvQQ?oc=5
2026-08-24 05:57:43,US,Sector & Industry Performance,Bloomberg.com,https://news.google.com/rss/articles/CBMiU0FVX3lxTE5xWEtZUzJ1Y0JsejVfb1o5VkF5Z3BFdWVwYzdCcEJ6dWJ3N19uOFNoY2VaYnMtUVpLeTdSUE83a3pkTWtOQmpTUm01aEJteWVhNU5n?oc=5
2026-08-24 05:50:42,US,"US Market: DJIA, Nasdaq, S&P 500 Futures Fall On Monday; How Wall Street Will React To New Sanctions On Iran?",Goodreturns,https://news.google.com/rss/articles/CBMi3gFBVV95cUxNb1NjakRjWldRYVIwVnA2X1k2WXVUOVFTWXkwUUw0UnZMb3g4SHJfRXY5TXU4eWdtdDlDb1ZMeWtjV254N0F2MmZscEFPSmc3OHBoa215NzY2ZC1Va0J4TlRhSlJRODR6VkJNZnRnRXFfajZ3TFhPRTNsZVlka2FqUXFQM2toU2lLeGdNalVfTVRrWVRfWENVTDdRRm0tSTRybmNrMEtjVDVLem0tcXo1ckdjemZOeklNcTBEOTNsVzFIMU1lRmlwdFVOVWpraVJPQ2dEWDdtdHBXSl9fTlE?oc=5
2026-08-24 05:46:19,US,US stocks edge higher on upbeat economic activity,Business Standard,https://news.google.com/rss/articles/CBMiywFBVV95cUxQazZzdE82RDh5TVU2T2I0d2lVb1hjeDVrQUVfOXoxZElsakZfbUdpd040V2tWNlZxZnRBRWNOYnlCTGsycUhBLWt3VHJOR1JWb19IZV85eldOOC1QS2doazJ3WENNWGJFa2RMZFhyTExEVlItenJCQ0dPSWxHVEdmQ2lZRGFJcUVwUEpRcUVSV3dLbVlrQng4MUNMZlk5OGhUVGVJTVg3bVE5LWl3T2ZOQVdCOEhWbkVBNGVaVTVDRTg2LVNCQzlXZmFtSdIB0AFBVV95cUxNbkJITnRkZVBQSFgzUnA1eURNQV9LdXlPYXJ1d2l4OWYtSDd6RGVTTVptaDFtY0s5cXVNTE1kWWNheHhFTmJyM2NNQ3VKaEtScV95VlpUaU9yaENHdTNlUVJQS1VaUEQxQmtLZ3lMMDAwUm1HWnJzQ3NMdG44MVlZRG5Nb1BFRThyZFdTSmJVQVhhWjl4Wm4wcGN6eEYtNHNidTNhMU04aFhrU3BTQjZDR2Y1VERUbTU2ajFxVE53eGl3WVNvRHdfTmpDM2Q0RkFr?oc=5
2026-08-24 05:45:41,US,"Shares, oil slip awaiting US details of Iran sanctions",marketscreener.com,https://news.google.com/rss/articles/CBMiqgFBVV95cUxPd1JpaDVqTUlXMDRYWFFjMDJCRHMwbFBYazVLX2tmWUdFUGhNVGJmRkxHUmNKdHdKaUdkejN4YkowQTk1eThkVW9PU0VNaGtPS0JRRVVRNU95OGRhYzFHVTQ4bFhqV1kyRU9GRlRNcVFCN1BBcDJCVmFXTVRGdEV5MWRPRFhaQW5fR3ZpQWFsZmRqSnFNcElnR19kcjFpSE9YWFJsaVBBdUNOQQ?oc=5
2026-08-24 05:35:00,US,Asian Shares Mostly Decline as Bond Market Pressure Mounts,U.S. News & World Report,https://news.google.com/rss/articles/CBMirgFBVV95cUxOTTBCdk5MRzlCU3MzbndsT193S3d1LVFrNmpOQ0N2ZUdnbEFkb25OVFA0YXRWeXU2WUc0STUxT00wR3RHcjlmN2taTC1TcjJwWWN1NTZocEhHc2NjSlJUTFN3MmdpdlVUcEh2RVZxQk9YSjlyZUF1UFFLdFBUUGU5YkRSV3dvM2lITk5wSzdDdEhPMnBaLS1Nak43V0NCZmE4enNRSjR6MDRCeW1BQkE?oc=5
2026-08-24 04:41:30,US,Global Market: KOSPI drops over 1% as Samsung Electronics slumps on payout concerns,The Economic Times,https://news.google.com/rss/articles/CBMi-wFBVV95cUxOaTlVU09POG9Od21RcktKdWRoUklKczN2Ui1oT0V4UC13OW1iUktzSFZ1emNkZHFlYXBPaDRQeGtFT2ZCSVNNYjZHT09CRV9UTmdIQkhkZjN1bkxkckZHRUpReFdHVjgtOGt6eVplOVJwRVpDSGlGd2JpZllON1FRaF94MHRyNGxWSk8xM1Q5Wm92WXVJSF9oUGpnTW82UnZDQ202ajhMbF9MMG10TzZ4ZTdMcEh1ZVNnUzU1RHF3UGRCMXBpWC1FaVhUN29oeF8xUjRCSko0Z3Bwa2gtb0pMRkN6XzRaSzF1SFJLMnRkUmFjVVF6V3Z2RXhuZ9IB9AFBVV95cUxOXzU2SUpYT2VsOW9BQ0JsWTZKek9zWDAzQ0ZJdWxmcVJjSng3TjNySHplcE1mdWY1SVN4b2NkZF8tRDdDcDc3dTZtX21LTElPSEpMNGJDMjZ6MXpEdEFLcjhYZXowUW9wdWdkV3ZmVkZZdE1lX2pSNEl5ZU10d0VWUERFeEdQdDJRRmtfVi0yNWRTczJZdURTS3kwZlRXV3dQY3ZDakZ0QWx6V3ZsWGFUN05VS0g1bGxCby1BMW9ZQnFFUTJVN3RDVENsM0xDbVJ5Y0pGLWthZW5id1gyaDMzVjNMU19OQmNVSzE0alVQLXViNlY2?oc=5
2026-08-24 04:31:00,US,"US Stock Market: Nvidia earnings, Jackson Hole to test strength of AI-led stock rally",The Economic Times,https://news.google.com/rss/articles/CBMi9wFBVV95cUxQQmJOb2VaVzgxbTY5X2x1QldwRFo4TU5TVVNRdjVGSDZmQm44cXdhT0xnYVV0SlY5MFJ1emFIWjdiOUtUSWV2ZGg4TXYtd2hoblNmX3lfT3NrZ3FtcGs3N3R4RDlhQ3BhejNwbTRZYVMxakVJVUN4ZEtCaUpMNE5xcDZsWkZfRmJjOVlIemxVMDktNHJGRjFRSmZBTVJjTXJWWjhGU3ZlZ0YyZnVjVnRUODZlMFRJaUVKUndtbS1HR3E5LVNmSGNFb1dENl9ySnhFMHdINmtmaWwxYzF2YTBBM21Bd2d4T25GV3pVeVNjYUJacHBKd0tZ0gH3AUFVX3lxTFBCYk5vZVpXODFtNjlfbHVCV3BEWjhNTlNVU1F2NUZINmZCbjhxd2FPTGdhVXRKVjkwUnV6YUhaN2I5S1RJZXZkaDhNdi13aGhuU2ZfeV9Pc2tncW1wazc3dHhEOWFDcGF6M3BtNFlhUzFqRUlVQ3hkS0JpSkw0TnFwNmxaRl9GYmM5WUh6bFUwOS00ckZGMVFKZkFNUmNNclZaOEZTdmVnRjJmdWNWdFQ4NmUwVElpRUpSd21tLUdHcTktU2ZIY0VvV0Q2X3JKeEUwd0g2a2ZpbDFjMXZhMEEzbUF3Z3hPbkZXelV5U2NhQlpwcEp3S1k?oc=5
2026-08-24 04:25:18,US,What Makes a Stock Market ‘Overvalued’? Key Signals Investors Should Watch,Analytics Insight,https://news.google.com/rss/articles/CBMivgFBVV95cUxORF9BOTRua0FyV0tQZVpJbEFnbS1XQzBpeTQ2VEltQU5LWFlndUFCU3JsemdYVVE3eXpCMGM3dnlOT2NPZEQ4VUxaZXVTaThWTi1HUVVTX3dRY0dlVU9hTkRnMkpkSWtMNHN3cTBmUXJ0RGdrcnk5VkduMUN6SnVvNFhSTmxqMlg1YUt4T1JEOUV0VlNHZFZHMEtKT2pVRGZTUjNuZnRTQXpYUHRJSUg4SjRWQnNMY2s0QW5hdHlR0gG-AUFVX3lxTE5EX0E5NG5rQXJXS1BlWklsQWdtLVdDMGl5NDZUSW1BTktYWWd1QUJTcmx6Z1hVUTd5ekIwYzd2eU5PY09kRDhVTFpldVNpOFZOLUdRVVNfd1FjR2VVT2FORGcySmRJa0w0c3dxMGZRcnREZ2tyeTlWR24xQ3pKdW80WFJObGoyWDVhS3hPUkQ5RXRWU0dkVkcwS0pPalVEZlNSM25mdFNBelhQdElJSDhKNFZCc0xjazRBbmF0eVE?oc=5
2026-08-24 04:06:00,US,US Stock Market Today 08/24/2026 [UPDATE: 00:06 EDT] [Alibaba Dilution Joins Memory Selloff in Overnight Trade],TechStock²,https://news.google.com/rss/articles/CBMiX0FVX3lxTE51R1NFU3RETWJIc0dfZnNva244Z28xcjlMZmh6VjFoeldBNFlvbC1rRzNMNDc2SGpYRFphRF9oWnkwNGRWWE5OX1pKbkdKVWpfTVR2UnR1QVQtY0hXYk5z?oc=5
2026-08-24 04:04:36,US,Asian Markets Waver as Oil Prices Fall Ahead of US Sanctions Details on Iran,Межа. Новини України.,https://news.google.com/rss/articles/CBMiaEFVX3lxTFBFbzk4d3hfMm5xU3JsY0d1eFRvQ3NuTGNSbGRHVVBxNEx5dllXWExtRFZhbnMxVy1YZVBJOHJBSk9BQWhONVY5T1RWVTlObk5SaVIxSjZjbjdUa3FIQm5KYjlFQ0djY0pp?oc=5
2026-08-24 03:55:00,US,FTSE’s reshuffle may give Vietnam stocks a US$3 billion boost,The Business Times,https://news.google.com/rss/articles/CBMi0AFBVV95cUxPUFZ0NThxazFWeHlzMUV5NlpXSFFHS2hvQlMxc1pDUGY0VnhGS1VtTVkzcFh1QlVTNVN4NjdNbUh6WUtFVkJ3QjdTMnl3a2d0QjJvc0dpZ2QzNVF4b2RvM0dXYTFsNlZINThHYmV4V3RZRXo4d21tekZmTXlJQVQ1M1htbERxcE81WUxDcFpEOWt3VzVxUlVFNVFZdEhneHMwZ0s4dWNoWmVtMWpBSXRrLWxBX09rWHY5Y1NwcE5pWjJOUktiSXJ5X2lvbWtUbXQ4?oc=5
2026-08-24 03:48:06,US,"Sensex, Nifty, Nikkei, KOSPI to Dow Jones: Global equity heatmap before the opening bell of the Indian stock market",livemint.com,https://news.google.com/rss/articles/CBMijgJBVV95cUxPb2t2LTQwTkFncDFMcm9qQklPQk5RWWZ0MC1rR0dfTVBOOE4xekYzNGlYdzlHdlc0bUZJSmdFaHZvNUYwNUluWVRfdUpuV3lLSkZ6UTR5RVB0ci1zeVdISzJ2Q1ZKcVlpMzh5ZXBONG9SZjFKQWZSek16U1JfSXRwR0xwMVRPeFUwLWlxTm1hUEhXVWV2X2s0R1FjTXc5MXNUdm90NjluUENkZGxwSkt3cUNPX2kweFVDdVZRR0ZqemlBUkhiZDRjeF9CbERqRGwxVl9YVGtyeGJ5RXRQOEdpUndvZmJLSE81VHBQSzdaYThEaktWYmg5WWVqSGFsY0tmQV9XVXc5X2VfNXBmd0HSAZMCQVVfeXFMTms4RUxmdVVPTEhSaml5WlNMaUtzejh1X1NnSjZ1R3FaQUpaNndaSTJQSFdjOW1fdmRGbzNhMl9EN3V3SUpwTXhybFhzN2ZueUdMSkNlczVseDhGc0JDb25XVUdaWHRIOHZvQmE4TEFCRGQ3S1dKVWU4V2Uwdy1kd3pUMUlCY04tMWppUkZ2Y1JDSnVMM1N0Z3FCRjhlQzVDSUNnbFJGcXB0cDI2M1ZfQlA2OGg4ZF93SkRPb2xnNmlmQ0FpbjFwRzZ1cXFDSXgxRndHQk1EOW96bTFqWTlBaU9TQ2R1QTh0ZzZ6aWZHRFY0d0oxRTRvUllmMHZTWEI5dGRHYndQdVZBTjdmQVRsYjZ1OWM?oc=5
2026-08-24 03:27:10,US,Investors Stand Ready as Nvidia’s Q2 Earnings Report Arrives This Week: Another Major Test for AI Trading in the US Stock Market,Bitget,https://news.google.com/rss/articles/CBMiY0FVX3lxTE9MT3VkOE5xNGhla3ptZUYxMkpMcE9scTBiVVQ0NE9TNzNqcDZIVXpEVzhIOHd6UzdScGhaMUJwUFlWMjNfX0dkbko0ZlpXN1YzMWlQV0VSTGNMeVpsMGc2WnBSWdIBY0FVX3lxTE9MT3VkOE5xNGhla3ptZUYxMkpMcE9scTBiVVQ0NE9TNzNqcDZIVXpEVzhIOHd6UzdScGhaMUJwUFlWMjNfX0dkbko0ZlpXN1YzMWlQV0VSTGNMeVpsMGc2WnBSWQ?oc=5
2026-08-24 03:16:23,US,"Share Prices, Stock Quotes, Charts, Trade History, Share Chat, Financial News - London South East",London South East,https://news.google.com/rss/articles/CBMiOkFVX3lxTE15a0pnSlVXbUxWSnZ1Ul9mT1RkekpRYms2djM0QVlJTm5HaUQxLTlyZ1NXZkg2Vk10N0E?oc=5
2026-08-24 03:09:00,US,"Futures Waver; Nvidia, Canada Tariffs In Focus",Investor's Business Daily,https://news.google.com/rss/articles/CBMitAFBVV95cUxPUkR0Mk1hdnJPQVZHWEJYWXQ2UENlazJ1OG1EWTVtNFVYLTdMVHpfbVRIQ09zMmtMRnlLT1dnd0VyVzh1cTQzVm1jMS1keHR1TUNXOXBPSXEwWE10bFNoTi1Sd1ptX1lDcHhzaG5OaTFwTzE0UlBvTzgzTHpGVkVQeUoyY2szcks3RkFENTdPbmRVUVFWMjZaWF93cFpXcnZEUEM3d21BTGpKcWZJblEtcEhJVjA?oc=5
2026-08-24 03:02:00,US,Stock futures flat as U.S. and Canada appear headed for trade war,MarketWatch,https://news.google.com/rss/articles/CBMiqwFBVV95cUxOMUxIdHJQTmkzcXVvWEw2a2ZFeXEyMnRXaFk4eVotSTBjWTU2Vl9QQlc2Zy0tTUVRRXA2dmpPYXlRZ1F3Rkw0V0kza21lSXo0ZG9nLUg5cGE2azZCaG1EdTEwX2pLNFBmQVdnbWJvLV9LWEotYXZNMnNwOHJzaW1SaE5tOHJ4aG8taVp6djRvS2ZUbzg0bFlONE45MlA2d0VWYUZFWFhBa21yUmM?oc=5
2026-08-24 02:49:00,US,India’s US$10 bil equity rush puts August on track for record,The Edge Malaysia,https://news.google.com/rss/articles/CBMiUEFVX3lxTE1rSVRiWW5fQUpoWG52TWppZkJONWs5ZnJkZUF3VnFYQVlWV2tiak5YalNyTFUzNUE2cmxQa2J4dGlVMnNpeWxFTHVPVmY2N2R0?oc=5
2026-08-24 02:11:09,US,"US Stock Trends (August 24): Strong PMI Drives U.S. Stock Rebound; Nvidia Raises Server Prices by 15%, This Week's Earn…",深潮TechFlow,https://news.google.com/rss/articles/CBMiXEFVX3lxTE83eHcxWU8xNC1HcGZrU2kwcV9ueTFjVzQ4aEtBYmVaYXBIVjdVQjc4aGh0aXgzd1gwR2NhR29wYUUwbXdOSnNpZ3llM3NXUFhOVjRncllEcV9KV21f?oc=5
2026-08-24 02:01:00,US,Overnight Stock Market Movements: Key Developments,Equitypandit,https://news.google.com/rss/articles/CBMiiwFBVV95cUxOR2lFa3hRalV2YjhHaU95TG52UElRTjZ6c0xhLUpFNThtMy1xc2Z1UkU2TlRQbDBwcVNvaVhHWEJrclRVWUc4b25ObkxHT0ZoSHItV2RTS01DZFJEUDRnLTk1N3R4VzFnQUNQMTZ2ZVpRRjN5dHdMZnEzcDhNTjhtdkVtcjVlcHNuOHR3?oc=5
2026-08-24 01:45:49,US,"Stock Market Today: Gift Nifty, Nikkei To Crude Oil Prices — Five Key Factors That May Drive Sensex, Nifty 50 on August 24",NDTV Profit,https://news.google.com/rss/articles/CBMi8wFBVV95cUxQcHNocjFQRjJWVXdkSm1kdnAyekJ4VmlrOGVQa05JRVJ2RktwRk4wSVFiUWVmOURIUTlvVE1uZnBJYzlseE94bklyZkFsN09TSFFBRU9xTmtBaXRTSGI3b2J3bFJmOTE1M3BUOHA1cWljREhWVkdvdGQwWGpRWUtsQUlDWk11MzJONzBBMVlxYno2c3JpaUJma2lIZ2pLMi0wNzV4RlhjSjUtUXhsUGZfdzJSN2RHaGJhVENndFY3bWhqMnlRWnRBbFg2M3o0V21QTUNEZDh2NUNJMU9ZNUFpOW5RUDkwWmNJVzFocUptOXh5alXSAfsBQVVfeXFMTTdMVm1NNmZ0SDQtVEdNcXdHMjBPemlMYTdxRG9kMEhRYm5OVEc4VHVIWWp0Q04yVWdMVFN1ZWVnWmlZWTRoNFMtaWgwY09ndGpPOFU3QmZIQnpFOVI2WEhHTEgwVkZQQmRWTi1mZWttTjZhMmlKUG9ZMUEyN0FFSHJrb3htQ1VhcVJ5Z24xSTV1Rk5uOTUwRVcxTGVqeEFDbmJCWEhDaHBiNTlFT19ieG5EeGp1MGdXdkwwVUh5TXd3Z0s3ZDE1c04wdXNleVk2cGpxVGVqUGMzNUM2bDNKYTNqY2ZEMDhQUWQ3MlVqTmNwaHNrTE1Oa0NIbW8?oc=5
2026-08-24 01:27:05,US,Dow Jones surges over 500 points! Healthcare and financial stocks boost the market. Gold hits a three-month high as the dollar weakens.,วารสารการเงินธนาคาร,https://news.google.com/rss/articles/CBMiWEFVX3lxTE55VmFQQnNEN0dNdXVJVS1RYncxMVdPbVpUekU0bDVKenA5MlRQcEQ5MXdUVTdia3V2Q0tDdFUxWGxyTS1vZkp6ejBGMVd1UTZHZVlZODdnenU?oc=5
2026-08-24 00:52:19,US,U.S.-Canada trade war: These sectors are most sensitive to more tariffs,Investing.com,https://news.google.com/rss/articles/CBMiyAFBVV95cUxQSUVfZ2kyY3R6ckxBS2oyV1FVZWs3a1cwUUVCWFZSTmprLWpnM01RX2ozakdYTVdXYkxmRU52Slo4V2ZXQ1RVd1JVUzg1UFlxRGpOZl9QYmRWZ1FvQndRLUxvNGhzeVhnbGZuN3ZWbFo0U1JOdGRlQ1R5c1JxMnRxQlVwUVhqSW9CaTI3UnAtRGE0NE1iNmdrMGJEUTFDbWtTNFFUdTRPZk1xcnRvUE9sbnNzaUY2dDVhSjR5cGFONGdITWg2MENOVw?oc=5
2026-08-24 00:50:45,US,Australia Stock Market Today 24/08/2026 [UPDATE: 10:38 AEST] [Miners Lift ASX as Banks Blunt Opening Gain],TechStock²,https://news.google.com/rss/articles/CBMiY0FVX3lxTE5FM21hT0Zubi1fQUhHRklSMmM0YXcxR1pmenhpMmZ2U3Q3bjhoeGxhODREaVZQRTRhcVJKWUhjc1ZQRTdETFd6RDVUSmNydU5XOW1mYXJsaHQ1LUxMRDZfUzA2cw?oc=5
2026-08-24 00:40:23,US,"Today’s Market Recap: Gold Tops $4,600, Bitcoin Surges as Market Focuses on Nvidia Earnings and Jackson Hole Meeting",TradingKey,https://news.google.com/rss/articles/CBMi4AFBVV95cUxQYmZxSk04U0s1dDVDTnVyUjdFTDFNbTM1b0lzcHh3MlFERWVpMVJ2Nld2c0pfUFlMUDNnSElMdEhvNDNjNjVzTXNGMkkzS1Y2djNQMGhXUVc1ZDcyU2JfRTNJeFdTTXdIc3FnazJqSXRLUFI1UU9KZ0NuX3pqbXh4UnZYWXhnemdTT3NZRXE0NGFkNHFaRHMtZnZ6WG5DWVNUUEVPel9MUWJ0c1pqdmtwTUpkUjBHVHJaamJld3I3UFFDdXJ5VEVJTGt2Z2c4Mmp1TmZ5Wk4tMnlrREgtWVFZTA?oc=5
2026-08-24 00:30:01,US,Stock Market Today: All You Need To Know Before Going Into Trade On August 24,NDTV Profit,https://news.google.com/rss/articles/CBMiswFBVV95cUxNQ3I5bExHZTBYcG5EWGtJUDdyRWhxaU82TVlyYTc0YkYzNm9lZG10TjZNN3o2Sk9tdEl3NjhYOVpnRTZxWEJnb2g0eHlvRTRTWGRZYWVHRnZRVE96WVZmOTBKRWUzbVU5b29yOXBiTTllMHh3NndnaGhEbmM5YlREOGxwbDdxLUJOakU3aHVyUmtXcU9rWXJEY0daclROelpsdUhyMnF6bUh1alhBaFpsNzN5d9IBuwFBVV95cUxOa2wxYXZqbWVCRWI4LV9uMUdwZHgtWGFQRTN0WHdOeUtweUVfcEx3d0U1Rml4LTJjcFhqX28xVVpkWk5scW56MTdXS19xUFpzRTlnQ0tGVi11eks5R0U5OW5JdUxhRmFzVy1OWFFTVWd5S3VpV0ZoTEFiRHVpVkNNWjBMZWxZbHlGY29vbUIxLUFFS2loN19vNG5GZUZjVVJFMUpmSWxxNFRGTktITkhFNDlzWUJaZUxiOUtB?oc=5
2026-08-24 00:20:44,US,Asia Stock Market Today 24/08/2026 [UPDATE: 08:08 SGT] [Chip Buybacks Brace Seoul as Oil Tests Asia’s Open],TechStock²,https://news.google.com/rss/articles/CBMiZkFVX3lxTE5teWFjUGZPM3VpSXlPZEo3UF9TUXJIMVNtaGVuRzdxY0lZY19iMC00NXNDdTFsNldNQmJ5cl95dzJONmV3ckNBUDJtM3pLV0FDcnh6UEJKbXhGNDYzSVBaUWdwdG84QQ?oc=5
2026-08-24 00:20:14,US,BLK Stock Gains After-Hours — US Treasury To Offer Two BlackRock ETFs As Options In Trump Accounts,Stocktwits,https://news.google.com/rss/articles/CBMi9AFBVV95cUxQZC1MX05RZHoyUHRNZi11R2NGRHUwTzhmVHFzWmhDOVhRU0VUbHFJRXhsSVZPRE1GN3A0bTh6V0RJSm16b0dVeE92aVhPb0xReDdmajVwMVByYWlnV2RiVG04aUdVM3l6SWlUMjJEQWluOVFDWDNUYnlpLVd5LUpXTkt6dmdaRFZPQWdjSUctRmlXMWNrTzZ3cVdnLUlGQkx6dFhkLVZSSFhVdmY3WThueFBzV0ZQRVlXQ3huVk0tWEgwc1ZYNDlZbjNnVTlhZU9DbFJTSDRGQUVZNUNhdmZKT3hrR0dfdk0yNGp0VE02QWVNX05o?oc=5
2026-08-24 00:11:33,US,LightPath Stock Eyes Snapping Losing Streak Today: US-Iran War Tensions Spark Defense Bet,Stocktwits,https://news.google.com/rss/articles/CBMi5wFBVV95cUxPZWY0WmU4ZS0zUVVkalV1Q2V1aWNpczFROEEwWTdIYWd5YmpUZFFXNmtEOFNrdFo5SC0yd1kyOVMwcC1NdWpwQ3U5eEtpNmk4Rm1MTnYtU1JPNVFoa0lmMEhKQ2ZvaWFsX1RyNl9sdmFfSlJYaWNEZENJYlNFQVZGSWVsSFI0aDlyamlUZEh0Q2hCSkxJVEVKbUhXUVRDSnZqNVJVWHpiVUdoOF8wMm9LUVNsWkVoMF9SbUFNZHY2UjJtMXpTaGdaNmJVdDlYd1lfWXFwSGE4ZTk3d1lWMFB3Wk0tc0NwdDA?oc=5
2026-08-24 00:00:53,US,Nvidia Reportedly Raising Prices 15%; This Week's Earnings and Fed Speech Key to US Stock Market Direction,finance.biggo.com,https://news.google.com/rss/articles/CBMidkFVX3lxTE1Lb2ZFNTVaZDNEQU1aZFdDV1o0Ukxrc1IzT1REYm1XUExfaTRoNW84Ulp5X09pQi03eVYwNm1pLWhHTElwU0p5cGJtSnN3YmhEejRNdkNCc1F1cVREbHVxQ3BVZVhfcGJGb1dTZktLNUFVNDlwbEE?oc=5
2026-08-24 00:00:00,US,"High U.S. rates steer Korea stocks to Samsung Electronics, SK hynix - CHOSUNBIZ",Chosunbiz,https://news.google.com/rss/articles/CBMigAFBVV95cUxPVHp6MjVLOWhwci03azFhTW40X1JLX2F3YjNoRVFSWmlVczluRU9WdDRNWGtSTVRHTGpOY045QzNhM3J3LUNjTE9hSkY1b2hKZk1aSldvaHlRQzl3TmVRSUQyR2VsRXJzZ2NDMHExby1VcDNrcWtTSmd2dDFTdmRuQ9IBlAFBVV95cUxNWFhoLXF5ajV4d1JsbDNtYU1QeXlaWlIzMjJEOUtxX282UTlwcVlRUXJxeXBSNFIta0FtSV9FVzlFOEwzRUxiWnFfcHphX2U3VFc3Zk1QZ2VaNU9IY1JUdHd6YUNmMDJWY3FPcHI0SG9CNXFEaFp4MDkwS3RJdmFucEtHN2FEYlFNd205NFVGR0JJZWx0?oc=5
2026-08-23 23:25:12,US,"[Good Morning Stock Market] ""KOSPI to Reattempt 7,000 Amid Focus on US Monetary Policy and Interest Rates""",아시아경제,https://news.google.com/rss/articles/CBMiZEFVX3lxTFBOMndTUzhzc09rS2FkOWVIMFlWbXh6OHBEWWZuYXAzeEJWcDluUXVUS2hINElYNEZ6cjlQX2JrMmJfa0hJN0Q0VGQwSy1TVEpHMEZnNkViWmdEcWJ3V0gwcHotejU?oc=5
2026-08-23 23:10:54,US,"Nikkei Stock Average to Consolidate Above 66,000 as U.S. Stocks Rebound, but Full Risk-On Sentiment Remains Elusive",finance.biggo.com,https://news.google.com/rss/articles/CBMidkFVX3lxTFAwenJFd2tlc19xNkVRMzVzX3hkbFlTVWswV2Q0LVE2U2tIVC1fZFQ1WllsZzVCZ29obzN5aEtCLXdUS3JhWG94Y3lOVjB0S2ludlk0dU5sS24zTUJaakxoanJrOGJKNjhkS3JKQVNhaXRGVnR5cGc?oc=5
2026-08-23 22:48:55,US,The U.S. Just Hit $40 Trillion in Debt — 2 Years Ahead of Schedule. Here's What Investors Need to Know.,AOL.com,https://news.google.com/rss/articles/CBMidEFVX3lxTE1HZGFsQUNaaGhqbVBiY3J0RURpeVFUQW40OURGTHpIVV9NamE4MEpudTJtOW5jbldFVU84TWJNbkhJRTBZTHg1M09NMHJjWlhhaDVqX19xajd2bjhockxXaWFhTW5TUEZrYV9jWTNfZVlFZkxF?oc=5
2026-08-23 22:45:05,US,Why Markets Think the US Is Winning the Blockade,EnergyNow,https://news.google.com/rss/articles/CBMihAFBVV95cUxPcnpBZU1aSDhVLXZuSFlSZ2ZsMEtCU2ltVGhTazBmdnRPbzRjRkhYY3JZSG1Yc0NaN29YMk5MODB4Q0VUdG00M2dqLVZUZ3hOY3E3aFFZZkJwOXNVc0hPdEZVNmpLNWRSRzVYenJXNFZzNGRUdVR0cVRuWWM3TEdHeVJMaWQ?oc=5
2026-08-23 22:31:30,US,"Oil Falls Over 1% as Markets Await Outcome of Iran-US Talks, US Stocks Data",EnergyNow,https://news.google.com/rss/articles/CBMipgFBVV95cUxONEJBLW9EdENnQWM0aGU4cjJ2YWM5bUM0Z3ExT0Nrdm9oRE5fUHloTHd1MEhTdGhPV2hzd3FzY04xNHptOEd4ZXJsU0RHeXpqY0RiNHlSS1MyOS13MlhYSmRPOGZPZTlFM0xzM1c2MldkYVN6QWVzdldDaHFOOGJ6M0FhN0MtM0xwMzdicWVXRExhVXM0eU5LbVlEQ2VTWjFLaUtYS0ZR?oc=5
2026-08-23 22:27:54,US,Nucor’s $5.7 Billion Tariff Selloff to Be Tested by Monday’s Market Reaction,TechStock²,https://news.google.com/rss/articles/CBMiiwFBVV95cUxOandHUWFkbkdsRkoyMFAyVjNJeE45aWt2LV9wMzM4SlVkaGlDQ3Itb0QyM2U4eXRPeXZDZ0F1U3lKX2ViblVrLXlJalgweHR6YUw1Qmg1eVNGaE5FNnNINU5NZUhOV1N0U1NzdkRrT09aX3RvR2IwcXE3ZHRNb3M2WjBNSkJLbmJQc25v?oc=5
2026-08-23 22:23:05,US,"US Equities Climb Amid Bond Worries, Dalio Warns",Sharecafe,https://news.google.com/rss/articles/CBMikgFBVV95cUxOUm9KYk1hYXFpNVRFb2lDV2M4c0RzQTd5TlRxeWFlMXFtWWtTeGRIZHJENzlseVRyNlljUWRiY0VjOWtoMTYwLV9oQXBKbHFHY3VhVmxsT01LNncyMlJMclYtcjZCdjZobm85NldyQXA0QkZ3cVlUaHctYnZ5cWNRX3I4RHB2Z01wVklaNVNuRjhJUQ?oc=5
2026-08-23 21:57:49,US,Frontline Approaches 14-Year Peak as Oil Climbs 6% on the Week,TechStock²,https://news.google.com/rss/articles/CBMigwFBVV95cUxOaHlJTjVNZDJoS3RZNUc2NXhqZjlOeFZRREt4X2hIWFc1UzF2Zm15TUZzenFudFJEWGVReFc3ekt5dDZGbkw1empfYlVRVGpSeElzZWFIdDFhUE9ZYWhzRWRDTDVja0lObHFYQlVudFRBRjVkRUNCQi1GSk9vaVVYWnpRZw?oc=5
2026-08-23 21:14:45,US,Memory Giant SK Hynix Nears US Listing: Some Key Information You Need to Know,TradingKey,https://news.google.com/rss/articles/CBMisgFBVV95cUxNY3h5Smd3UUktRzdfMXRISlplRm1CNG52TkJPSjRNSG43RGsxZHJENXlnaXFscVJNeXRORDFyenkyQ3pXZmM0SDU5VzEtX1gycFpwMHZ2d0RWeldvSzRUZGE4VUZfMGNzUDJkTkZUb0hHSkUtV2ZXeHdJTW56ZnJUUXJkMlZPYndOQ3piNlQ5RVY2UnpUWEZyM1l6NTFVODB5VURSbnFIYlU1bmdTTmJ5QVB3?oc=5
2026-08-23 21:00:00,US,"SGX seeks to shake off ‘boring’ image, draw more young investors as trading hits 12-year high",The Straits Times,https://news.google.com/rss/articles/CBMi8wFBVV95cUxQM1Zzc3dHZXllVUFOTVdTcjEwazhIb2hGd1k0MjMycDQ5eUxQVWl6cnNqSW5CbmpFTTAtNkVFTGZCc1pfSVduSV9ibjdBV1FMb2owYXd0cUhJV0N2aXljOW5kZnp1RDhUZ0JoTG90V1B1N1BHdGp6NE5ubzVUNDV1MnBEYXVIZk5rbHhPc25YYnZyYUhBTExMdjZuWFNGcHFNVEVQVUFNYU5hRzZEc1BmYnlVOUoxRVBfclVIaWdjci1vYTIwbFRUZVRaaFhKMllIM2RrM0pHNDA4c1ZudTczeThDdm00SGlXU095YWlyWHZuTEk?oc=5
2026-08-23 21:00:00,US,SGX attracts young investors as trading hits 12-year high,The Straits Times,https://news.google.com/rss/articles/CBMi5AFBVV95cUxNV0NDdU52U3lLbUM3ZzY5c1o5QXFPemFnWFJYVUVQY0VzUkhDM3N0T0ZRNmpEWjJnRHQ1dS1aNGNKOEk3M2gtejZZdHFiaUpBUXkwV1A1YnZRckU3Q05KY1pHV3J4WllKelQteGZleXhoR1NXR0wyeEd2bzhwdUNGQ2FvRm5RSkYxRlc1dDZFWHh5SXZ4dmxEbUZlcVozNF9GY3JGa3NFVjZpVUtOaW9DYV8yNDJJM2g3UlVQSmVHTENBM3pEdk84M1dPZWpmRlYya2l4RENZQzI5OWRNMlJrVUtvUTk?oc=5
2026-08-23 20:52:07,US,"10-Year U.S. Treasury Yield Near 5% Could Trigger 20% Stock-Market Drop, Strategist Warns",Tekedia,https://news.google.com/rss/articles/CBMirwFBVV95cUxPckJiOWZ1NmtIZ3BoeDY2LXIwNE1nUEllV0pPTE5pSUktcVFUTU1JeEsyZUhvMzdtRUhOZWd6SXpBa0g5UDN3bEJRaVp0RTJ3SEw3QzJwanJGU1NuSGZFaEhpa1dXSGpRcnhUZW9EY1FSTkNweExEZHl3WlR1UHdqMnhRX1ZiS0J3dXdNYlhlZXl5aVpzQVBZREpUZm1SM0ItZmZ6UTB0RlA1MEZBMTdv?oc=5
2026-08-23 20:51:34,US,"After a turbulent week, Marvell’s Google partnership stands ahead of key earnings hurdles",TechStock²,https://news.google.com/rss/articles/CBMilwFBVV95cUxQQkFPWmVqYllJaUw3WEl6VGdSZFR1RklyOFpleFRieHFKdV85V2RLbnlSUDJQcEQzZEFzdG9sU0gyMEdrdXVMM0lRVURvSUFGWEd2cWUxMXEwbmZveGlPNWlVMVlIV1doQjFJMnprNnowbHVibVRjakk4Umt0ZDNVRTE0WlNUSEVsZ3JFUnhmeHB6UmV0OExZ?oc=5
2026-08-23 20:17:28,US,Alibaba’s $10.2 Billion AI Share Sale Matches Quarterly Capex as BABA Dilution Looms,TechStock²,https://news.google.com/rss/articles/CBMipgFBVV95cUxPRGk1cFJTRGpSdndCam90Ukd3YWIxNXpuQzhrYlg2ZGVkZzY0QjF5dmJSMk1VZUlUY3BJQkE4Y1BzNnFKWllTdjRENXpDdVZWa0JBYlFvakxYYmpQdE54cmFkZEJERUtBY0JzWkh5OV9nVkl3bWlETDRycG56Vnh2U1ZCc3M3SG13OFFNZmNwa0w1OWFCamRCck51YzdJVUo4QWxOVnRR?oc=5
2026-08-23 19:32:00,US,"The Week Ahead: Nvidia, PCE and Jackson Hole Test the Stock Market Rally",FXEmpire,https://news.google.com/rss/articles/CBMivgFBVV95cUxNV1VKUTd4RWZfTnQ0S0xFWm5GYjdRYVFSWFdNdVBWc0EyUWxjVFJGb0t4RXh5M2tOcnFKZC1KbkVqSlQ0eWRfMjNqYUVfRUY3OUJPcGhyWVBEMXo5Z0Z1X3ZHdlRJZi1uRmFfM2F0elkyRUlNekdoQ0ktYmtic0NJcUlobnZTaVNHTDRla0ZCLWlDZXg0ZTg5aDhja3NLX19MMEotYWF0NUhtbzlJTVBfMGhCcGVjVGxaZUtnb0lR?oc=5
2026-08-23 19:27:14,US,NANO Nuclear’s $580 Million Liquidity Covers 57% of Its Market Value,TechStock²,https://news.google.com/rss/articles/CBMijwFBVV95cUxNUVYtVFdwY2F0cnhkN1BFMER4YWxaQTQ3eTJzOW5VM2xpczJicXJjN1RSNVdyWHFRRlFtbXhyRTBqc0g2N2F6d3NUXzItMUNBQS1FV3FqajhHYzM3X2tPZGhLdVJDdlVGZXZvOWdPOVBnRlRnWWhCRE1XX05acmk1a3NfQVZqZDlFNjBHSWNtNA?oc=5
2026-08-23 19:04:00,US,Jumpy bond markets make it clear: Trump risks driving US into debt crisis | Heather Stewart,The Guardian,https://news.google.com/rss/articles/CBMivgFBVV95cUxORkxpWW4zR0FzYXZWZTJCcGprWkZSSnNtblRIbV9CRFluYjhXZEtEaVUtanE1YVBCUTR1a1loUzU4Q0Z5M251M190bjhwV3pENHBpOVJneFhBczlEaEloVy1kSE43LWM1cGxObDU3VE5ZaGtjV1Q4cjBFZktkWVpncDEyZmt4cDItRUxwVzJETWxCSzIySHhXTnJpa1l2MXdGaXdRYVNfTFZkMWdsMEZ0OG9fci1DMmJvTUhLM0tB?oc=5
2026-08-23 18:37:38,US,Why Is Micron Stock Rising Nearly 1% Overnight?,Stocktwits,https://news.google.com/rss/articles/CBMirgFBVV95cUxPaWJoZDZ2ckc3Z1ZZVWxIcUpxbk1URTFJRGJ6X2pxWUFJNFhvekNaUEhDU3pRd3hVZjk5T1dzbTdTd3FxWWZEajh6U1dVMVRvYXZQSjk3Um5aeF80bnE3RXAwWFpUdGhVeUt3U2JyTGVMR2tBSnFFMkRDNUlaNk96N1dzc2Y4QzJmTzNuMHFBX2pBb2l3aWx3VVhkMlVnZ2NBbkhhQ1F1R3p5ZW5FRnc?oc=5
2026-08-23 18:33:01,US,"Coinbase Rises 26% as Binance Faces Closer Scrutiny, Changing Crypto Access Risk",TechStock²,https://news.google.com/rss/articles/CBMipAFBVV95cUxOZlppOTNSNzV1bE5raWgxbVVpZnlJZXJqdWNab0FIYzVBaW5BOVpEVmhxV3FJSFdKemppYjNUWEFwZE5HSGctMEluM0s0X1lveU5IRFFkZGhXVGljaVc3eE1RcTVFQUVBMHBCRGN5ZXkxbWhkZi1nNEJES2FHX2tEd0dKWTZucXpua29hRzhsWXlKdWJqVEVUUkVwVHBMbkRxVUM0VQ?oc=5
2026-08-23 18:30:00,US,The U.S. National Debt Officially Surpassed $40 Trillion in August: Here's What History Says This Means for the Stock Market,The Motley Fool,https://news.google.com/rss/articles/CBMimAFBVV95cUxPaEF4TUM3Qi1SMENyS2RiX3pqWkRoeUZMS1pIdVN1bEZtdFBBZk9vWDdGTk9zWGE5akQ1UTVPTnNvTjhvRVFydFN0SmIyMDN1Nms2MmtxZjZ0bnNHQmxCS1NEMkE2T253aUhxaTIyMkgxeW44bHpCWEhWbTRDbndnV2w1Rm0tNHpGMjdkdEpZaWZfWjJibWtSZw?oc=5
2026-08-23 18:04:25,US,Where Will S&P 500 End 2026? BofA Sees ‘Too Many Red Flags’ While Citi Raises Target On Earnings Optimism,Stocktwits,https://news.google.com/rss/articles/CBMiqwFBVV95cUxQaUtXc3ZvYmtxeE83WGI5dXlJQ0pzRlMtWWVJeG1TMW5zX3FpbnF0OUxfbW1wa2dIVTRKSExhUi04T0RiVFpWeGNlblJURDJmdk93Y1daX1JYajRPcmMtVENYbGJvZVZMRS1uUDZlaTdSbHNfUERsU0M1akE2c3RsLXJXY2RkUGlpT01ON29yUVpGR3ZUZHRfNV81QndpX0ZUdGtqUC12dE9yT28?oc=5
2026-08-23 17:53:37,US,"S&P 500, Nasdaq, Dow End Lower As US-Iran War Fear Remerges — META, SKHVY, CRCL, BA, DAL In Focus",Stocktwits,https://news.google.com/rss/articles/CBMi7gFBVV95cUxOX19MY2NTaC15cGRMUDRiQ3RDN0dQNEYyN3hJVl9vbTF4RDhzdzdTcEpLQmxsc01XWkpDSmdUUEc4SG11YlNWRE13bkVhUk5TMUpZSkJVdW5yTTRQcERkNTJ1VzhCZGU5MTBoazZhTDluZGFSYVJybGtUbWRUTDNIdlViY0ttWWVzTUVWRmYtc2liTnZHTXk1OER0NGRiZE5pcng3VXM3MlFpODJTMW90cEt4N2hIeEJGUDJ3RlNBRUFubGRTSzNXMVVTcVJlbGJQUV9XcVgxZUhFSTJjUFhPTVlQVEhmclgwOW5pNGlR?oc=5
2026-08-23 17:50:00,US,The U.S. National Debt Officially Surpassed $40 Trillion in August: Here's What History Says This Means for the Stock Market,Yahoo Finance,https://news.google.com/rss/articles/CBMiowFBVV95cUxNRUNsNFVDX3J1eHFzQXY5cUhrX1JTUFVrMUJfajNGNnJuM01GTlBQbUMweUJLaGQzQ2tkaEJiNzR2QkpOS3hNa01CR01XUkZoVjdPcTUwNDVIV21ZNWo2Y293VnJpX19zaHMxdFZlM0M0bGxjRDdSRVpqdDBqVDFqUkJxdnJMWFc4WXNlUnFwc2VOX1pocEhrNDZGOVdSaFdITTJR?oc=5
2026-08-23 17:18:48,US,"Credit Tensions Persist Amid Rising Financial Crisis Fears, but No Panic Signals in Markets",TechStock²,https://news.google.com/rss/articles/CBMingFBVV95cUxOaVM1YVFNSk9EQmcydkVXRDA0LWtXWjhnaUtJWmZQSGplemY0SlNHUnZSM0trQ0xST3hvQW1QcXdaM19mU3ZOMTdMSzNNUUI2eE1acFp6SGUzcWZ1ME9YV04wQ2FlU01JRlRrWXphdmxuaGcxN1g2OHRza3V2cFFTc2x1eC11OHlSeUZNUEdEODBQcG52LUJ2NHJERlRMQQ?oc=5
2026-08-23 17:16:00,US,Best Penny Stocks of 2026: Are They a Good Investment?,The Motley Fool,https://news.google.com/rss/articles/CBMifkFVX3lxTE1tbmV3bi0xSkp3alJ2b2JnbkxrZkJJVVZrSmVTd2RWNW54N0I2ekJkWXVoREcwYkE2X0k3cU5pX1VIOXZLWmU5bWRHdDVqT3lhbnFmd0szSHJGYjFlbFZndkU4LXVmSEdGY3Y1MEVuRU1tTlF6aGlTajJ4U1l4Zw?oc=5
2026-08-23 16:54:26,US,Here are the 2 big things we're watching in the stock market this week,CNBC,https://news.google.com/rss/articles/CBMiqgFBVV95cUxOdWpyeVNOY1I0eXpqSE1aQUZIR2xMYzlsdFNQQW9faWZodmFFTlRTbktDZVRIRGVWYk9FakpaYlJvUXNCeFFZaV9IOVh1eEl5VHpITVhvMnp0T2dsdV9Kdm1ETVVPSjRZRjZ1MzNtamZwY2JWclluOWRyeDFNSkhrbzFENWh2RXFDOUppcXg4TXIwZXNodW9iNlFqR29jWktIUTl0UjZhcWhvZw?oc=5
2026-08-23 16:36:00,US,Calamos U.S. Convertible Strategy Q2 2026 Commentary,Seeking Alpha,https://news.google.com/rss/articles/CBMilgFBVV95cUxOM2FVYTBCWkpPWXpOVWFYTFQ3dHp6RVZralNwSXVBS2JkZ3o0QUxPYXV1V2lDNlZYYjlxRFRjNGZzaTlhTlkzZ0U0WVNMQXhBMnlNNm9qSkVQNFo1dTQzSEZzSzZ3eGhKZkZ0SFBuSEdMekMxTU50WmdZTWhUUnpBWTJXRDBUcS1nSFhObU9QUWZuYnh1Nnc?oc=5
2026-08-23 16:29:15,US,"Altus Launches Public Beta: 24/5 U.S. Stock Trading, Funded with USDC on Solana",WKOW,https://news.google.com/rss/articles/CBMiigJBVV95cUxPVjF5eWlBbTlrN1E3WUstd2xSUlE3QWZvTUpyRHlyWTkxcU4yTEFoNXBDRHFfaGQyRmRmSXdKLXpJYUtlSFVMX2U3RnBQaHpOWXNWRVlhVVRTVEhEMnBnX0h5aFVoc3J3OF9pUndnb0ttWGFhaEJiTUZRR1Q3QU92VWN6d1E2MmdxZ0xzeVFBTGRpNEVVLXhtcmRlZlJVbkhvSGc5dG5PemJTdUw4aDZJcUpPUjRqekcwM1BvbjE2U2Z0MmptUldTdXVzM0Q1czRXeF9fUk01V3dUajBJQ2o0WHpJUHVxWUFhSTNidmtydlZoX1o2RUVpa3BvSmZldFVpRWlhNlFKWkhWdw?oc=5
2026-08-23 16:02:31,US,Trump’s 50% Canada Tariffs Just Took Effect: What It Means for US Stocks on Monday,Stocks Down Under,https://news.google.com/rss/articles/CBMieEFVX3lxTE9ZcDNlQ004ZUNsWDlWVXk2aDc5X0t2ajhDdkdCanZvNXQ5bzBSaE9rT3ZRZWcxb2MzeXpSZEtSSkdFbi16ekhiZXpFS3huVnF0UGFsbW5fZlFRUWtZWl9iYWliblMyU2QtSjI1NWNQVU5mTlVsckE0Yw?oc=5
2026-08-23 15:36:28,US,Celsius Market Value Climbs by $1.1 Billion Within a Week Despite Core Brand Weakness Challenging Surge,TechStock²,https://news.google.com/rss/articles/CBMimAFBVV95cUxOWEdVRzJJa002UU1VMGxmU0E4VzdYUzk3OUVUOGhsTGFtTHJuUTBjdEtNakpKWDFlck95WDlHT3VjSXZzNXNBYXc1ZWVPTlZ2NjJNc2VZRm1YTDhRTWFGMDlLTWdTYkNJMGJFX3pLQXNHNWk4X2RrRmZFeDhVN0Q1UEsyZ0EtMkpqTE4zVFVHNU9FQm5XVWxINA?oc=5
2026-08-23 15:22:25,US,Santander Rally Drives $1.16 Increase in Webster Financial (WBS) Exit Value,TechStock²,https://news.google.com/rss/articles/CBMikwFBVV95cUxOTlFfcGlyOTV0aW5QQ05tTUVmZ3VnQkliTUFacC11Q3lnWXBsVG9YUVdKRndQbW0ta0o2aWtvYXhtVFBSdUVPbU5XaXNOZU9lUzdNVUFLb2dxRGFhdTByLUFmdWlHNms1MnZuVG9hcWx0T04xMFczZXRPOEJNTW8xQWFkYjk4U25jTWpVcEpnNmVCTzg?oc=5
2026-08-23 15:02:45,US,"US Stock Market Prediction: Will Dow, S&P 500 & Nasdaq Rise Or Fall? Nvidia Earnings, Fed Jackson Hole, Treasury Yields & Iran Risks In Focus; Check Monday Market Outlook, Key Things To Watch",The Sunday Guardian,https://news.google.com/rss/articles/CBMiywJBVV95cUxPYS1KRVBMYXpzS0wzUjFlUGlrbE9UemRZdVN3QmNudzVCdEJHQmRqQ2RSaGY2YjQwcC02NnZFdV90WUZHOVR5X0c3Y1Vuc2FCaWdJYlFHU2hqT3IzYWFBM29xNTJobFdFdjd2NUktM2hXQWdtZVo5RnYxclE3X0cyb0xUdnVNaGNjQTV3cTQzVEF5a1dSOTN0dGd0OFB5Nk1hZ2luRm1BVkg5S1N1WDBYbG5sVEFjc1pBR3p3YV9kOFpLbmxKNkdoX0daLXJSOXlUYWJqZ0F5TXdOaFdKSTRISElwNDhJa3BjMEVpYV9HYkNlaDdwNjBmaFNUaUs5UEkybmdoZENWYm1uTWF2Ty1SU2xJR2ZtUy16MkkyMEo5M2ZhamdRWWtWcmdzVEl3eTZHTGljdnhMNFVmS2JFSFBacHpPT2tGcmNTZnZz0gHQAkFVX3lxTE9ldF90WW1oZW1SOWJDQUF3bDN1UUN6RWZ1NHpZc0hxWGtxOXdINXZFVFNDZ212dVpnZVN2SWVWRl9GcnFVaUVpelRsQlV3Q1hQUGctTEFmZWE0M2J4cEFrMUtwSFhVY0MxdFMweFUyM0RncnhHWDUxSEdpNjlzbkZGVGxzMFhoV1NpYzJGN3hfX0xCSTAwUDJUaVNqcmJtWFphcmtpdWhKMmhVbFFrY0t1M3M1aklqb0lEcU8zSE8teTFwMUVNUHJYUkk4b3NsMk0tRUFaMnlhaG5uRHBoand4S0FOY3VFbUhtdzhIQk43TGhGdVNZVFRwa3Q0cEFxbDFNeVg3bmdOYzNtaTdkZkx3WEVjV1VIRVhqUDluQjMyWTBPZGRsck1uU2dyQ2V0TnNiaWc0bFdhS1JnX3RhdnByNGVia2phOGFlOXJiallVMA?oc=5
2026-08-23 14:50:48,US,T-Mobile US stock trades below analyst targets as dividend and earnings support valuation,Ad-hoc-news.de,https://news.google.com/rss/articles/CBMizwFBVV95cUxQbk4xYlVPMDN4UlYzTXFKSjhtbFN0aHFPdmpyRFE3enJoWHpXWHNsemJGWE1kekxBQUpYd1R3a2lCTE9qRXBMS3d2RVNyRHd4cUhJT20weHRwYjM2U1lOaDRhbnZhak5mSEFYcEM3aXNBWjktLUJVRkZhRTJ6X0l1ZkdFdXJ4bGhaQThRV1Y1bDQ5MklWMGthV0dMS3g5SlJiTzRMUl9OTmp0VkR1cGxhcVV3V2hHeWZjcW9kbFJKb3lyNHVvV29tMURkVDFIVDQ?oc=5
2026-08-23 14:18:12,US,MARA Stock Lags Behind Bitcoin’s 24% Rally Even as Treasury Adds $705 Million,TechStock²,https://news.google.com/rss/articles/CBMijwFBVV95cUxPb0Yxd0NOWGxYYXlFRDZZaUNWVkRIQjlFaTZ6UUpocG93ZXR5c1JtQXcwYTBzdzRVNGJ4d1d3N0lQUmlkM2dSd3U4RllwMWtDV3dYRV9fZDFyY0RINlhuR2FtTHpGNUZLa1NPUkY2SjI1bEZBblRPX2Z2b3k3SmRhTHktbUU0OGZSUEpNdlBiMA?oc=5
2026-08-23 13:58:00,US,"US, India unattractive on free cash flow yields: Goldman Sachs report",Business Standard,https://news.google.com/rss/articles/CBMi0wFBVV95cUxOeEdOS0VKYkxLdG4xVm95YUNWV1F3M1VkcDdSNF9CWVp3dVZpRi1pS2dScW5FV0FqV3VFUHM0eVMwVTAwck9tWEtURUc1NHEyc29IdlVVeENEOEtOXzBFLVU4ZTREc1hHUkJJZGZvczFhSXROTWNOSnV0Y3VCNDFMS2lGMmF0S21NLVZtOVVqQkIwa0FkSmlTRTRiemRRU3BZd2xXWFhZSGMyejNOTHdXXy1xczR4bHVoTlJZVDlUMGcyS0kyMVV2YkJ2cU8zUnRlZG040gHYAUFVX3lxTE1aZ0dYQUtQOFhOMTd5LV9YN2kwMEpyaTdtN2NzWE1ZenBJVkhwV1FLT1FQa0N6cFJFaXZBU3REVTdZVWpKNGl5SFZOV0dNSkp1MDlHMUdjZGNJZ0d4THhWaVZER3NpSFAxaHJnNzNTN05uU1lFaUd5SzBNZlRJdGZoZnF3cU1rX2xpOWxkSmRacWpOTE8yaFB3bHpZUTlDQTNOV1drT2FXQjY5ODN0YU1nbEpqSDZXTS1sS014c3RSNFFINldtc3hmVGE0MU5yWUU2VVd2cllNVA?oc=5
2026-08-23 13:01:57,US,"Amid the faltering position of Tesla, the ""favorite stock of Western scholars,"" the ""M6 Magnificent",매일경제,https://news.google.com/rss/articles/CBMiT0FVX3lxTFBZdC1jYnpTckY5TjRJNnVNRV96LXRFYTdVRkotZDY1NU9MZmFWb0tMTWlKSkhKUVJxWFJwX2lCTkVNbGRPUXhtM1pld2V2c0U?oc=5
2026-08-23 13:00:01,US,Equal-weight S&P 500 is leading the 2026 market and its flagship trade just hit $100 billion,CNBC,https://news.google.com/rss/articles/CBMif0FVX3lxTE0zQVI3dm9iYXJYcDJ4VU9aWXpqWnF4RndRSGV0ZHlvbXhoLXZjVERwZWFRZjkweEFYeGtEU0U1eU9XTlFXZlBGTmV2Y2ktTTFiM1hYaGl4RFQwTUlFNy1ScHJZNVFVLWdLdmpGSHdURFlFZVhpaWNjZzR2T1J1M1HSAX9BVV95cUxNM0FSN3ZvYmFyWHAyeFVPWll6alpxeEZ3UUhldGR5b214aC12Y1REcGVhUWY5MHhBWHhrRFNFNXlPV05RV2ZQRk5ldmNpLU0xYjNYWGhpeERUME1JRTctUnByWTVRVS1nS3ZqRkh3VERZRWVYaWljY2c0dk9SdTNR?oc=5
2026-08-23 12:52:29,US,"IBM Shares Rally 15%, Moving Within 4% of Wall Street Target",TechStock²,https://news.google.com/rss/articles/CBMihwFBVV95cUxONkQ1YVJ1SXRYVTMyNTNsNXRMX204WDdJMk82T1pTUDVVNFFFcjFyMHJuWnRkeTJWZENNYWFTZE1WdkQ5YTVGend5U1B1TE1ZaUM2d25xdVIybDNvX2o1enVWNUliTF9yRmhjaDZEMFVUX2pxR3hmWmpEaGFfTE43N1AzZ1p2anM?oc=5
2026-08-23 12:26:24,US,Vertiv Shares Fall 10.9% Over Past Week Amid Yield Shock Impact on AI Valuations,TechStock²,https://news.google.com/rss/articles/CBMijwFBVV95cUxNZmlBU1RNenpSZkxBRWZIdHB0eDVyUVBpTTVCMEpLTHBRcmoyNmphQ1dyeVFXeDN6U1AtcWZYcFAtT1NiU09oeFUwQjhYdXhEYWFfdHc4Qldja2kxV1RHWjJnRjV4YWIxU2pmU1VqVlY2XzFJVmwwM2FLTi00a2xqNm5aVk1hck5LclF4WkxJMA?oc=5
2026-08-23 12:24:15,US,"Crude price, US-Iran conflict to dictate market trends",Rediff,https://news.google.com/rss/articles/CBMiwAFBVV95cUxNMENNaEx3eFpHOW5QTndpQ2RTX0NsX05La3pfcW9VaDFjTWJ2aVQ0aFF3TEhEWmZac0ZQa0U5UzlraF9FdGltb2NWc2dBb3FaZjZ2Wi1YUXExT0dXVFQtbVZGamJnYmhuclh1M1lUUEVkZXFqUzV3SE00ODlZajdyZW52WFY4YngyRk1ORkVXQVJxV3FCdW1FdllkdjVvcUI4RzNTQTV5d29fT3ppTGxUUGRCWWFGWGUzYW5FdkpxVHHSAcMBQVVfeXFMT2xQSXlkX1ZVQzljbFJPQ19fdEVpemVuOVgwYl9pdTZFbDRlaVZ1SkktSXdsY2l6YzR4dUdZYUpUeFRYYi1vX2QyOHM4SnlhVTRsTFY2MXZMVlIyNWtOM21RRWJ0WnZqLVhHMFRoUVltcXhSSXlfenk0cTZZVmM5RUFiWUozSGRiLTNrMi1aeXoyamFtbTAtUmo3WlJEZkNFTFZVWmdWbVE3Smt1SHowS0x6MG9QNkl4QVNzdDl6WkhvRTZF?oc=5
2026-08-23 12:22:23,US,Quantum Computing Stock Jumps 9.6% as Cash Covers 64% of Its Market Value,TechStock²,https://news.google.com/rss/articles/CBMilwFBVV95cUxPRm5kOHRCc0V1Umtxdld1VW53bjJUR0g4NDZFalBNTXY3WHh5bTJqeXVpUXNCSFJPTnBFZV9NY1VGS3d0Z25QY0FqdUQ1bTY4WURkZk1GdDJWd05uTF90bTc1cTlWNnItcnJvY0N1Q0Iycjh1d1RqdTN1UmlQV1pYeW93OFY5eFQzaDhMR2s5dnZNX1lNcU5F?oc=5
2026-08-23 12:20:23,US,Visa Shares Close 0.8% Off All-Time High; Services Revenue Climbs 33%,TechStock²,https://news.google.com/rss/articles/CBMiigFBVV95cUxQWW1wUTFWRFNvZEZDN1QwRjc4RzAxbGZfRlhwOEVxYlVRU0NrYnpJYlBpVF9SS21PcWIwTFlRcWZfM1hINjR0ZXB2ZWJHUF9lT2FkaFhxSGJVbWE2QUpsdXI5V2FNRnl6UTFJNUozUlNTOHhWd0RPMWVBWTU3VmZJVkVnRkV2eHFBckE?oc=5
2026-08-23 12:13:00,US,US Stock Market Today 08/23/2026 [UPDATE: 08:13 EDT] [Nvidia and PCE Face a Bond-Stressed Market: Weekly Recap and Week Ahead],TechStock²,https://news.google.com/rss/articles/CBMiX0FVX3lxTE1LMjM4SnpqRFJtaWtET3lrSUlpS2UtRFlTRTVvVUdMMnRBejhoOXRib254OERyTGJnQUFfcjVoMEZJaW80RGFGVGs5OGtUUVA5SEFnNXpFbTJhVU1XTnhz?oc=5
2026-08-23 12:06:03,US,"Trending stocks this week as markets pull back amid Treasury, Bitcoin moves (DJI:) (COMP:IND:)",Seeking Alpha,https://news.google.com/rss/articles/CBMisgFBVV95cUxOMWl2Qm9IV01xTzlFMnZLMTA5ZDFSVGR4V3haRUNXTlljWDRjQ1RpTXc0eTM2YmNfclFSMkZRU1RXN3A1eS1lTzFEQ0MzM0l1ckRoNTkxdndkT3phVXhiUkFJRWxWSWIwd0xXUGxCQy16ZmxCRV9WZVNXOVVGQVc4VFZBenQ3eTl2cFQzR18tLTVWMjFVeU1CUlY0SE9ycVBub0d2dkFVS1JuQk1hYmVOb3hn?oc=5
2026-08-23 11:52:00,US,US Options,Moomoo,https://news.google.com/rss/articles/CBMiigNBVV95cUxOLV9SYzNHQUVPVzAxNlhPTGN3aGNDX3JUaXpkazduTHhweDg3RzBZZG9GUDhGQXliR3h5TGN0YnM5d1RUWUR2R21EVlBEbDdCQWZpa3Rfb0dBb0pPbGc2RXRaS2h1TGhzbkt2UWZ1NWYyenFIN2ZVOGNhZHk5QW5KYUY1eFhnemZQX2FKSFJlUEM2MlNnZEluSVhsSlNlbnljRkE3RHRUeWF6ajVkd0ZsNWZSbE1GWXczNWhaSTVTU0NDRnNpbzVNeFpXVFpVVGppNERhMnNmUVd3MlpLLTZ0OWk1NTBIcEFQSDZXc0NDMXY2Qlhub2ptSVpvdjhYUU8td2NZajNBWExJeFdzbm1LNEpSSllMWnNpXzNIMG55bXJxSVRfTEdkeGg2R2NJTkEtbE9Wc0trLTl0WkNxZVpHTTVHTjRLUGdnNHM4TlJxdFd0emdubGl4V0lfVFNZV3JZdHVDMkdXVGNWUnU2YzBkY1VMODRHZVNKMVNCM2RNaXR0MzBaSGpxS1lB?oc=5
2026-08-23 11:49:58,US,US Stock Market This Week - 2026-08-24,TradingKey,https://news.google.com/rss/articles/CBMiiAFBVV95cUxPcURuTGVqRGpyZ0RDMHZsVmFza3FpNlhQOU43UENRMWdtRGFBQ3lVb21sYnA1aUdYUWY4UVR1dFBOa05ISGo0czJDdTFwUW9zMWh2bVRmUHp4SFN2bjNKUVM0WlcxbGFhb3Q5djBWYVdqNXVVSXhwaUM2WTVaVW1RaEJDZVJiUXA4?oc=5
2026-08-23 11:32:11,US,Oklo Shares Decline 5% While $5.4 Billion Valuation Remains Before Power Generation,TechStock²,https://news.google.com/rss/articles/CBMilgFBVV95cUxQaDBBQm1QZkZxQmZIemkzbUVrOWUtaUk3SDc3Y1I5MkNKa091UlpBVWRPU0dOeVV3LXh2a0lReUlFVzMyaXkwUWhFVVIxaXlOLURXZWwyak10ZDJ6WnhTdHhwbGJZa3NWSXZ5MlBYOGt3c0xpRmhSZkl3ZERRV3dON0JRRDY2TXZQbkdrMzVXSG9meFhiR0E?oc=5
2026-08-23 11:23:42,US,"Global Big Pharma Merck's stock price is soaring, revealing its strong presence in the U.S. stock ma..",매일경제,https://news.google.com/rss/articles/CBMiT0FVX3lxTE5ablJNbWlaYzZEX2VyYkM3a0Q2dGd5U0hwNUlWc3BZZXlLcFFYZm92M19KT1JCUlAxOUZiTWZ3SWtoUnoyaFo0dHJTQUlpd0U?oc=5
2026-08-23 11:22:34,US,"US Stock Market Weekly Trading Outlook For August 24-28; Will Dow Jones, Nasdaq, S&P 500 End August Bullish?",Goodreturns,https://news.google.com/rss/articles/CBMi2wFBVV95cUxNeFFxcndpVlVNTkZWb1h3dVItRE9BbEFhUXpFV3pMeUNsODBjaGxraXBzUmpkaFdvRW9wZDlBVk9JMW9WM3l4T0pZSE55aFFfYXo2RGhTcjVwQ2dZN1VWTjFqckxCTUhuand2SFZ5ZWJ5b0MtcjU4U3dCc012SjR6M084cEI4RXlYb0F0MjBtODJ6Z0xSbjByRDZ2QU40TnFPVnZKVS1DcWlxUk9wYmF4eGkwLU1jYmdCcndZMms5MExVTFpQM3VLay1pSXVVcFlIWFVXd0pTbDlCODQ?oc=5
2026-08-23 11:21:08,US,Four low-cost ETFs offer broad US market exposu...,Pluang,https://news.google.com/rss/articles/CBMihgFBVV95cUxNbXlycUtaelRaYjNwb0xsV3E5eU5RNURqbzFQd2hBaHJJbDlBTThXQ2JHV01Md1F3aEZiNjdKdUdxNVlUcWZvYlBzbVFORW1NRm5yRHpfVEpLQ1FPWW9sWEN3TnZPRmpLQmFnMTZfX2xtSjNkOEtpOHRSS1lvV0ZVNWI2cmIzdw?oc=5
2026-08-23 11:18:07,US,Ross Stores Shares Gain $3.2 Billion After Margin Outpaces $253 Million Refund Impact,TechStock²,https://news.google.com/rss/articles/CBMinwFBVV95cUxOQVRXVWpJRTk1MFpfbEZ3UUstZldvTl82dEt0ek1Ob0RueVVXaW9YalB5ZkJKWGZqZDZWZS0xMllkZXJwOERkZXNtVjctaTZEblI0Ujd4emhGcG9pbTZnNmExZ2ZIcmRWQnk2SEIzUjBaYUVQSHRGZ3lPVFhYNGxOY0lPOG1XVU9CV2U2TnRzWDRQYTVxODkteHFYb2tyMXM?oc=5
2026-08-23 10:52:02,US,"Oil price surge boosts BP shares, narrows margin for missteps",TechStock²,https://news.google.com/rss/articles/CBMiiAFBVV95cUxQNXlJSkg3WElPOGVRZmpJdHBqU05OcXhNLUg3VmZ3aklxcGlGWWR6QjI0c18xY1NsRnJZM1pnSXdreFZMTVBQWHJ3ZXpyX1duM3hhMGJfQ1dBS3dFUGNZOWZYN1VVVW9vQmxPN3F0T1JtcHNLZzFqSGxMZlVKTmp0cjVoVHdGT3pi?oc=5
2026-08-23 10:19:28,US,Kraken Parent Payward Partners With GTN To Expand xStocks Beyond US Markets,CoinMarketCap,https://news.google.com/rss/articles/CBMiuAFBVV95cUxQOXp1S2dTa1JSYS10ZXNMeDA5YXRqTjdXZTd2YkxXVHFuN3Eta2JOc1VCaHh2bDNYNnE2QjRDbVlrV3RDOTh4UVBtc3ZRUmgtOEQ5ZU15VXFCNkpOOVJheW5yZ1dsZEtmbEJGQWo3YV83bm1iZ044cXVFeHN2WlI3eWEwWjdUT1RiOWZiZmMtNnlwNk5oSFNNZHV3bXJvOVB5bWs5U2pZXzZzTTYtUW05UzE5UlpDNkpS?oc=5
2026-08-23 09:53:13,US,Indian stock markets rise on US-Iran peace deal hopes and lower oil prices,News On AIR,https://news.google.com/rss/articles/CBMiogFBVV95cUxObnNVbGpWSlRSWUtBZXY2Y3loYWUza3Fvd2ZJY0NHLVdhZkw0aTdPcG41UDlxQXFjMWl1ajRvckhWZVJaWmx5U3RuTWg5dGdFcXhFRGxYaGlyaElOOUVqVGhOcl9QME4xSVZ2UVhUMmlNSlhOVFh2VDF1VkMtYnE5MTBpZzFITDN4Z011SmlQVUpETW9COUpGaDhvRUlFNTJpNEE?oc=5
2026-08-23 09:51:43,US,Shell Stock (LON:SHEL) Gains 3.6% as Brent Rally Tests Buyback-Led Valuation,TechStock²,https://news.google.com/rss/articles/CBMimAFBVV95cUxOX2o1VEJ4Mk9ZWEYwd1dmamI3bDlPM09lY0dkV1JlcE9yNzVnT2p6T2J6QzVlZVBkbUhnWFA3OUIxa0tySEtlaHVjemExU0daNHVJMFdYXzlGc3p6aTJId1lxRlAzSXk3OFc0MHdPbjZidTVNbnQwQ3MwbHVSSlVENE1HZkVpRUtxNmFfNG9NQk9TXzN5T0lkQg?oc=5
2026-08-23 09:51:43,US,Home Depot Beats Estimates but Loses $1.5 Billion as Transactions Keep Falling,TechStock²,https://news.google.com/rss/articles/CBMinwFBVV95cUxNVm56OUNKZTg3VEdVOTN1VXhVUlhmTVc3aUR4TzZsYlJrTV9hVFdaNkFXZVFxdXVtVXhGMFFXX0lnRGI4LUJXZlJ6UFNraElfenp4T0JMd0ZmVkR6TVZyTnNhc2Q4cUV4bmtuTHlENERHa0Y0dndSLWFiTzlHVnZydmZ6bnpzU1pZY2VDS3JLbXdUc29nd3cxSnBXcEh5WWc?oc=5
2026-08-23 09:51:43,US,Glencore Shares (LON:GLEN) Rise 7.3% Ahead of 17-Cent Distribution Assessment,TechStock²,https://news.google.com/rss/articles/CBMijwFBVV95cUxQMGJ6VTY2VUVKc3d4SEUzbF9QcmhlemNWMDktS0IyUlpETDdoczVXa1NtLUVfQlJRMzB0ckk5RVhJM3FuLXAyUFgxNzkxQWc2dm9LMmdnbTVEVnBxdzc2SUhsX2MyNFNBZ0huWVZ4ZjJkUHdsQXdFRUhEc1FrMjFweFV5Zk9XRWU5TGdtQ1NJVQ?oc=5
2026-08-23 09:03:57,US,The S&P 500 Just Did Something Seen Only 1 Other Time Since 1871 — and It's Not Good News for Wall Street,The Globe and Mail,https://news.google.com/rss/articles/CBMimAJBVV95cUxNaXFKQTA3NjJ3LXV4MEpndk1NZmFIWEFVN2FHY21RY1BPUHc2ejg3QktoeDdkVF9rdTF1SDRyankxdmkyVUtPRDFZelRLYzdlY3Jqb1J5bXhqUkktbFJCLXg4NDBZemhnSnNoRkhkYUMxckttQzlrUHZrbFp1U2J5c1MzZEw0dDJGTnpiZkNNV0VVYkt4NEZxbDVqSEZYQWh1UlFlVkZsQS03RkV6Z2tVLS1fSENOTDhXWVU1TWw0b1JBX1cxdGcwVDUtaFVOVFpYeHR6VVhFdHBHeHM2T0lVeWxOYlU3ckQ2dWY4M3VIdXBvZGRHS0puWnpDdE4yaXRTMGF1dDQ4WlNQMHFxTlFnZTZBZXNuWjNa?oc=5
2026-08-23 08:35:10,US,US-Iran War Update: How the Strait of Hormuz Could Move Oil Prices and Global Stock Markets,India Infoline,https://news.google.com/rss/articles/CBMiwwFBVV95cUxQTlZUZXk5QjBmRlJpcS01T3VUbEp1bXMtSDRVQUE3NXdib3Z4VUVYamM3eW1vRUdGSVhrTk54VnAyMkZfT0NwbUwzZ2tQTXlfcnpjSGxQRUlEbFFkbUl6d3U3LXUyVkdjSTJHQ1FsOGV2VnNKUWJja3RWNkV5c2hJVGxnbGRVUmJwbWxtdm9ZTVRTXzF5VzlPeUo5bklaVU0wenFOaTNpVTlPSWo3YkZ3RkRQNzNnVmxYR1hMSHZlMm83U1E?oc=5
